confirmation_date,preceded_by_alert,alert_date,lead_sessions,pista
1970-11-10,False,,,A
1971-12-02,False,,,A
1973-11-26,False,,,A
1974-02-05,False,,,A
1975-05-09,False,,,A
1978-10-20,False,,,A
1979-05-07,False,,,A
1979-07-06,False,,,A
1979-10-16,False,,,A
1981-11-02,False,,,A
1982-07-08,False,,,A
1982-11-01,False,,,A
1984-08-13,False,,,A
1986-04-29,False,,,A
1986-09-05,False,,,A
1987-10-26,True,1987-10-16,6.0,A
1988-06-10,False,,,A
1988-08-15,False,,,A
1989-06-27,False,,,A
1989-10-17,False,,,A
1990-08-20,False,,,A
1991-04-23,False,,,A
1991-08-27,False,,,A
1997-10-29,True,1997-10-28,1.0,A
1998-04-15,False,,,A
1998-12-07,False,,,A
1999-10-21,False,,,A
2000-01-11,False,,,A
2000-10-11,False,,,A
2001-03-01,False,,,A
2002-04-19,False,,,A
2004-02-02,False,,,A
2004-03-12,False,,,A
2004-10-19,False,,,A
2005-07-07,False,,,A
2007-04-23,False,,,A
2007-10-23,False,,,A
2008-09-19,False,,,A
2009-02-19,False,,,A
2010-05-12,True,2010-05-07,3.0,A
2011-08-08,False,,,A
2012-04-17,False,,,A
2015-08-26,False,,,A
2016-06-29,False,,,A
2018-02-12,False,,,A
2018-03-28,False,,,A
2018-12-28,False,,,A
2019-08-22,False,,,A
2020-02-26,False,,,A
2020-09-29,False,,,A
2022-05-03,False,,,A
2023-11-16,False,,,A
2025-04-08,False,,,A
2010-07-07,False,,,B
2011-10-11,True,2011-08-11,42.0,B
2015-08-27,False,,,B
2015-09-22,False,,,B
2020-03-16,True,2020-03-03,9.0,B
2022-01-31,False,,,B
2022-03-02,False,,,B
2022-09-30,False,,,B
