pista,umbral_D8,persistencia_D8,configuracion_principal,cobertura_fusion,FA_fusion,utilidad_fusion,delta_utilidad_vs_D7,delta_utilidad_vs_D8
A,0.4,1,False,0.649918217435445,0.6627422568375294,-0.057754344362107066,-0.021216433245434874,0.09928703792838846
A,0.4,3,False,0.6214766734666914,0.6647101980924431,-0.08321088258230727,-0.04667297146563508,0.10058012056534249
A,0.4,5,False,0.5972226015882233,0.666419432597812,-0.10917418896614431,-0.07263627784947212,0.1034643661011147
A,0.5,1,False,0.64237964627052,0.6622359796067007,-0.06832445758439404,-0.031786546467721846,0.0993300432767682
A,0.5,3,True,0.6085550063058882,0.6643898836994646,-0.09510467149249383,-0.05856676037582163,0.10062919686582306
A,0.5,5,False,0.5957964250721904,0.6677191679049034,-0.11048497307399222,-0.07394706195732002,0.10272417682483032
A,0.6,1,False,0.633737150037276,0.6621423330887748,-0.07545817958443585,-0.038920268467763655,0.09864567079758024
A,0.6,3,False,0.6054788530699723,0.6653653095370887,-0.09986381442367201,-0.06332590330699982,0.10075262373067628
A,0.6,5,False,0.5921200317402362,0.6690364826941066,-0.11618624505278788,-0.07964833393611569,0.10279964127983948
B,0.4,1,False,0.18298083732894832,0.6732851985559567,-0.5174046322297184,-0.13267881739499598,0.1878942622490003
B,0.4,3,False,0.17494179562531034,0.6863468634686347,-0.5385053388460345,-0.153779524011312,0.21990641301367986
B,0.4,5,False,0.19569502445307335,0.6445993031358885,-0.47107722768503246,-0.08635141285031,0.3311486385972342
B,0.5,1,False,0.18241394390491206,0.674502712477396,-0.519189039575194,-0.13446322474047157,0.18911870107577522
B,0.5,3,True,0.17437490220127408,0.6876155268022182,-0.5403408956036542,-0.1556150807689317,0.22133362737597406
B,0.5,5,False,0.19569502445307335,0.6445993031358885,-0.47107722768503246,-0.08635141285031,0.3311486385972342
B,0.6,1,False,0.18120621443631302,0.676950998185118,-0.522845054751515,-0.13811923991679254,0.19160143249306483
B,0.6,3,False,0.17316717273267504,0.6901669758812616,-0.5441000741512967,-0.15937425931657423,0.22422895160084677
B,0.6,5,False,0.19569502445307335,0.6445993031358885,-0.47107722768503246,-0.08635141285031,0.33830032143258537
