alerta,pista,utilidad,cobertura,falsas_alarmas,trampas,tasa_cambios,estabilidad_alerta,avisos,avisos_confirmados,precision_avisos
D01,A,-0.0946458717614111,0.6224619645333657,0.6001803020058598,0.021052631578947368,0.019174980541993916,0.999610260770975,20.0,18.0,0.9
D01,B,-0.3350131718295112,0.3816298847525698,0.6365740740740741,0.0,0.01601379650160138,0.9998766345916604,12.0,9.0,0.75
D02,A,-0.03311291253211919,0.6615590202647731,0.5699611960739557,0.021052631578947368,0.020731621028797848,0.99922052154195,13.0,10.0,0.7692307692307693
D02,B,-0.19850510935586052,0.4578984642492535,0.5701754385964912,0.0,0.017245627001724564,0.9983962496915864,10.0,8.0,0.8
D03,A,-0.69627717205681,0.8223401015784304,0.7556440903054449,0.7,0.012594636665959103,0.9757653061224488,295.0,102.0,0.34576271186440677
D03,B,-0.32663474867499276,0.2814097528226538,0.5119617224880383,0.0,0.019216555801921657,0.9444855662472242,1.0,1.0,1.0
D04,A,-0.09145596930091998,0.7358788048070015,0.7104072398190046,0.021052631578947368,0.019174980541993916,0.9766156462585034,92.0,47.0,0.5108695652173914
D04,B,-0.3719718253287444,0.43923041732033696,0.7237422771403353,0.0,0.0174919931017492,0.9731063409819888,18.0,11.0,0.6111111111111112
D05,A,-0.40089967732549986,0.9203994420791173,0.7689393939393939,0.5,0.010471945093044647,0.995216836734694,373.0,137.0,0.3672922252010724
D05,B,-0.004461221495028256,0.7870705190449905,0.7558086560364464,0.0,0.007144616900714462,0.9972718253968254,80.0,38.0,0.475
D07,A,-0.06190809400635065,0.621047007013714,0.5539989811512991,0.021052631578947368,0.02158069765796363,1.0,2.0,2.0,1.0
D07,B,-0.279467272750638,0.27506054647344746,0.4584450402144772,0.0,0.019216555801921657,0.99506538366642,0.0,0.0,
D08,A,-0.05866551126324644,0.7082487198558813,0.6432648401826484,0.021052631578947368,0.020519351871506403,0.751062925170068,34.0,21.0,0.6176470588235294
D08,B,-0.9152329389968318,0.28809909522628196,0.5283018867924528,0.5789473684210527,0.019216555801921657,0.6910962301587301,3.0,1.0,0.3333333333333333
D09,A,-0.05251921140719849,0.6368040536722048,0.5603671452106378,0.021052631578947368,0.02158069765796363,0.9967757936507936,10.0,5.0,0.5
D09,B,-0.279467272750638,0.27506054647344746,0.4584450402144772,0.0,0.019216555801921657,0.9986429805082656,0.0,0.0,
D10,A,-0.038801693409965046,0.762575385630856,0.7102756255556967,0.021052631578947368,0.014009764381235407,0.9991496598639455,147.0,87.0,0.5918367346938775
D10,B,-0.6824139577532652,0.9077794420520502,0.7987034035656402,0.763157894736842,0.005666420300566642,0.998026153466568,107.0,33.0,0.308411214953271
D11,A,-0.11247759790949392,0.7233243474624098,0.7107374267201481,0.021052631578947368,0.020802377414561663,0.8968253968253969,97.0,24.0,0.24742268041237114
D11,B,-0.2565889548789188,0.7582631911072277,0.8026077508149221,0.16666666666666666,0.009115545700911555,0.8718998015873016,140.0,27.0,0.19285714285714287
D12,A,-0.4369799661582711,0.892349920101632,0.7847533632286996,0.5,0.008915304606240713,0.995252267573696,768.0,132.0,0.171875
D12,B,-0.7539792128836887,0.6456062430129328,0.6800991940483571,0.6578947368421053,0.01231830500123183,0.99753269183321,87.0,24.0,0.27586206896551724
