alerta,utilidad,estabilidad_min,cobertura,falsas_alarmas,trampas,tasa_cambios,avisos,avisos_confirmados,elegible_estabilidad
D02,-0.11580901094398985,0.9983962496915864,0.5597287422570133,0.5700683173352235,0.010526315789473684,0.018988624015261205,23.0,18.0,True
D09,-0.16599324207891825,0.9967757936507936,0.45593230007282615,0.5094060927125574,0.010526315789473684,0.020398626729942644,10.0,5.0,True
D07,-0.17068768337849433,0.99506538366642,0.4480537767435807,0.5062220106828881,0.010526315789473684,0.020398626729942644,2.0,2.0,True
D11,-0.18453327639420636,0.8718998015873016,0.7407937692848188,0.7566725887675351,0.09385964912280702,0.01495896155773661,237.0,51.0,False
D05,-0.20268044941026406,0.995216836734694,0.8537349805620539,0.7623740249879202,0.25,0.008808280996879555,453.0,175.0,True
D01,-0.21482952179546114,0.999610260770975,0.5020459246429677,0.6183771880399669,0.010526315789473684,0.01759438852179765,32.0,27.0,True
D04,-0.2317138973148322,0.9731063409819888,0.5875546110636692,0.71707475847967,0.010526315789473684,0.01833348682187156,110.0,58.0,False
D10,-0.36060782558161514,0.998026153466568,0.8351774138414532,0.7544895145606685,0.3921052631578947,0.009838092340901024,254.0,120.0,True
D08,-0.48694922513003913,0.6910962301587301,0.49817390754108165,0.5857833634875507,0.3,0.019867953836714032,37.0,22.0,False
D03,-0.5114559603659014,0.9444855662472242,0.5518749272005421,0.6338029063967416,0.35,0.015905596233940382,296.0,103.0,False
D12,-0.5954795895209799,0.995252267573696,0.7689780815572824,0.7324262786385283,0.5789473684210527,0.010616804803736273,855.0,156.0,True
