alerta,pista,periodo,n_sesiones,utilidad,cobertura,falsas_alarmas,trampas_en_tramo,elegible
D01,A,seleccion,7066,-0.08622760998019806,0.7298380538925915,0.7191225560324273,False,True
D01,A,evaluacion,7067,-0.03172729660188629,0.577721927300355,0.4935897435897436,True,True
D02,A,seleccion,7066,0.03121432546158441,0.7757140168758087,0.6348195329087049,False,True
D02,A,evaluacion,7067,-0.025720327431397114,0.6139944383435083,0.5210252302763316,True,True
D07,A,seleccion,7066,-0.05513502737771098,0.7135967545886472,0.64914502849905,False,True
D07,A,evaluacion,7067,-0.024777113439465717,0.582484612190825,0.489987217724755,True,True
D08,A,seleccion,7066,-0.15765911161646448,0.6930103804059854,0.7360360360360361,False,False
D08,A,evaluacion,7067,0.027555435433208764,0.7145980279600046,0.5754281949934124,True,False
D01,B,seleccion,2029,-0.16271422011042144,0.3172865975269246,0.43317972350230416,True,True
D01,B,evaluacion,2030,-0.38498732274544856,0.43310451453308596,0.7047913446676971,False,True
D02,B,seleccion,2029,-0.2917812262606965,0.23582967690466694,0.46846846846846846,True,True
D02,B,evaluacion,2030,-0.08712199848591476,0.6355534941249227,0.609375,False,True
D03,B,seleccion,2029,-0.28351532696218856,0.16653619864379737,0.39090909090909093,True,False
D03,B,evaluacion,2030,-0.31489113513744055,0.3733085961657391,0.5551948051948052,False,False
D07,B,seleccion,2029,-0.28351532696218856,0.16653619864379737,0.39090909090909093,True,True
D07,B,evaluacion,2030,-0.25781691658033223,0.3618800247371676,0.4866920152091255,False,True
D08,B,seleccion,2029,-1.1256968003847554,0.16653619864379737,0.6492146596858639,True,False
D08,B,evaluacion,2030,-0.19028185279416804,0.38534941249226967,0.44755244755244755,False,False
D10,B,seleccion,2029,-0.7544601918015662,0.7963302752293577,0.7703826955074875,True,True
D10,B,evaluacion,2030,0.14074817723525762,0.996938775510204,0.8167817312798725,False,True
D11,B,seleccion,2029,-0.19294383261768425,0.8013302752293577,0.7955719557195572,True,False
D11,B,evaluacion,2030,-0.14469211238721222,0.7238095238095238,0.8093883357041252,False,False
D12,B,seleccion,2029,-0.7174849647502711,0.5853405464698843,0.5956454121306376,True,True
D12,B,evaluacion,2030,-0.11615529959519597,0.6938188002473717,0.7360824742268042,False,True
