alerta,utilidad_seleccion,utilidad_evaluacion,elegible,puesto_seleccion,puesto_evaluacion,elegido_en_seleccion,ambito
D02,0.03121432546158441,-0.025720327431397114,True,1.0,2.0,True,pista A
D07,-0.05513502737771098,-0.024777113439465717,True,2.0,1.0,False,pista A
D01,-0.08622760998019806,-0.03172729660188629,True,3.0,3.0,False,pista A
D08,-0.15765911161646448,0.027555435433208764,False,,,False,pista A
D01,-0.16271422011042144,-0.38498732274544856,True,1.0,5.0,True,pista B
D07,-0.28351532696218856,-0.25781691658033223,True,2.0,4.0,False,pista B
D02,-0.2917812262606965,-0.08712199848591476,True,3.0,2.0,False,pista B
D12,-0.7174849647502711,-0.11615529959519597,True,4.0,3.0,False,pista B
D10,-0.7544601918015662,0.14074817723525762,True,5.0,1.0,False,pista B
D11,-0.19294383261768425,-0.14469211238721222,False,,,False,pista B
D03,-0.28351532696218856,-0.31489113513744055,False,,,False,pista B
D08,-1.1256968003847554,-0.19028185279416804,False,,,False,pista B
D01,-0.12447091504530974,-0.20835730967366742,True,1.0,3.0,True,media A+B
D02,-0.13028345039955605,-0.056421162958655936,True,2.0,1.0,False,media A+B
D07,-0.16932517716994977,-0.14129701500989897,True,3.0,2.0,False,media A+B
D08,-0.64167795600061,-0.08136320868047964,False,,,False,media A+B
