alert_date,already_confirmed,confirmation_date,lead_sessions,outcome,pista
1970-05-12,False,1970-05-14,2.0,confirmed,A
1973-05-18,True,,,already_confirmed,A
1979-10-09,False,1979-10-12,3.0,confirmed,A
1980-11-03,True,,,already_confirmed,A
1987-10-16,True,,,already_confirmed,A
1998-08-31,True,,,already_confirmed,A
2000-05-03,True,,,already_confirmed,A
2000-12-06,True,,,already_confirmed,A
2001-03-12,True,,,already_confirmed,A
2001-09-17,True,,,already_confirmed,A
2002-02-21,True,,,already_confirmed,A
2008-02-04,True,,,already_confirmed,A
2008-07-24,True,,,already_confirmed,A
2010-06-01,True,,,already_confirmed,A
2011-08-09,True,,,already_confirmed,A
2018-12-24,True,,,already_confirmed,A
2020-03-03,True,,,already_confirmed,A
2022-05-19,True,,,already_confirmed,A
2025-04-04,True,,,already_confirmed,A
2015-08-24,False,2015-08-26,2.0,confirmed,B
2016-02-09,False,2016-02-10,1.0,confirmed,B
2018-12-19,True,,,already_confirmed,B
2020-02-27,True,,,already_confirmed,B
2020-10-28,False,2020-11-02,3.0,confirmed,B
2022-03-07,False,2022-03-10,3.0,confirmed,B
2022-04-26,False,2022-04-27,1.0,confirmed,B
2025-04-04,False,2025-04-08,2.0,confirmed,B
