alert_date,confirmation_date,lead_to_confirmation_sessions,crisis,crisis_start,crisis_end,phase,lead_to_crisis_start_sessions,pista
1970-05-12,1970-05-14,2.0,bear_1969_70,1968-11-29,1970-05-26,durante_crisis,0.0,A
1974-03-29,1974-04-01,1.0,oil_stagflation_1973,1973-01-11,1974-10-03,durante_crisis,-306.0,A
1975-06-02,1975-07-28,39.0,,,,falsa_alarma,,A
1975-08-20,1975-08-22,2.0,,,,falsa_alarma,,A
1979-10-01,1979-10-12,9.0,,,,falsa_alarma,,A
1979-12-03,1980-02-21,55.0,,,,falsa_alarma,,A
1981-05-12,,,volcker_1980_82,1980-11-28,1982-08-12,durante_crisis,-113.0,A
1982-02-01,1982-02-02,1.0,volcker_1980_82,1980-11-28,1982-08-12,durante_crisis,-296.0,A
1982-06-28,1982-08-20,38.0,volcker_1980_82,1980-11-28,1982-08-12,durante_crisis,-398.0,A
1982-08-06,1982-08-09,1.0,volcker_1980_82,1980-11-28,1982-08-12,durante_crisis,-426.0,A
2003-06-23,,,,,,falsa_alarma,,A
2023-02-24,2023-03-14,12.0,svb_banking_2023,2023-02-02,2023-03-13,durante_crisis,-15.0,A
2023-05-05,,,svb_banking_2023,2023-02-02,2023-03-13,posterior,-64.0,A
2015-08-24,2015-08-26,2.0,china_oil_2015_16,2015-05-21,2016-02-11,durante_crisis,-65.0,B
2016-02-09,2016-02-10,1.0,china_oil_2015_16,2015-05-21,2016-02-11,durante_crisis,-181.0,B
2020-10-28,2020-11-02,3.0,,,,falsa_alarma,,B
2022-03-07,2022-03-10,3.0,inflation_bear_2022,2022-01-03,2022-10-12,durante_crisis,-43.0,B
2022-04-26,2022-04-27,1.0,inflation_bear_2022,2022-01-03,2022-10-12,durante_crisis,-78.0,B
2022-08-26,2022-08-31,3.0,inflation_bear_2022,2022-01-03,2022-10-12,durante_crisis,-163.0,B
2022-12-15,2022-12-20,3.0,svb_banking_2023,2023-02-02,2023-03-13,anticipacion,32.0,B
2023-03-10,,,svb_banking_2023,2023-02-02,2023-03-13,durante_crisis,-25.0,B
2023-03-17,,,svb_banking_2023,2023-02-02,2023-03-13,posterior,-30.0,B
2025-04-04,2025-04-08,2.0,tariff_selloff_2025,2025-02-19,2025-04-08,durante_crisis,-32.0,B
