arquitectura,mean_crisis_coverage,false_alarm_rate,mean_trap_activation,switching_rate,mean_duration,operational_utility,pista
D7_solo,0.6462501379252741,0.6718208092485549,0.0,0.0021934479586782707,441.65625,-0.03653791111667219,A
D8_solo,0.3458103864792175,0.674411933448078,0.0,0.008066227977074932,122.89565217391305,-0.3689326868542352,A
fusion_paralela,0.48935551448545267,0.6676151060527677,0.0,0.008278497134366377,119.77118644067797,-0.21965207723914695,A
confirmacion_D8_tras_D7,0.0019479055990212176,0.6923076923076923,0.0,0.0005660510861105215,1570.3333333333333,-0.6931900421392236,A
fusion_secuencial,0.14549303360525642,0.6383928571428571,0.0,0.0009198330149295974,1009.5,-0.4974989886122486,A
D7_solo,0.28505615116675576,0.655,0.0,0.0029563932002956393,312.2307692307692,-0.38472581483472246,B
D8_solo,0.043934240362811794,0.9257142857142857,0.06842105263157895,0.001970928800197093,451.0,-0.9600557419840383,B
fusion_paralela,0.1843571559723477,0.632,0.06842105263157895,0.003941857600394186,238.76470588235293,-0.5357731846612022,B
confirmacion_D8_tras_D7,0.041666666666666664,0.9426751592356688,0.0,0.0009854644000985464,811.8,-0.9059358145694949,B
fusion_secuencial,0.1820895822762026,0.6265560165975104,0.0,0.0029563932002956393,312.2307692307692,-0.45924840032278597,B
