crisis,D7_alerta,D8_confirmacion,fusion_paralela,pista
credit_crunch_1966,,,,A
bear_1969_70,1.0,0.0,1.0,A
oil_stagflation_1973,0.8077803203661327,0.4897025171624714,0.6361556064073226,A
volcker_1980_82,1.0,0.8839907192575406,0.8839907192575406,A
black_monday_1987,0.4861111111111111,0.4027777777777778,0.4861111111111111,A
gulf_war_sl_1990,0.5238095238095238,0.6031746031746031,0.6031746031746031,A
ltcm_russia_1998,1.0,1.0,1.0,A
dotcom_2000_02,1.0,0.6551724137931034,0.6551724137931034,A
gfc_2007_09,1.0,0.5955056179775281,0.5955056179775281,A
flash_crash_euro1_2010,0.8,0.74,0.8,A
us_downgrade_euro2_2011,0.3486238532110092,0.3669724770642202,0.3669724770642202,A
china_oil_2015_16,0.3532608695652174,0.6358695652173914,0.6358695652173914,A
volmageddon_2018q1,0.0,0.0,0.0,A
fed_tightening_2018q4,0.0,0.0,0.0,A
covid_2020,0.6666666666666666,0.7916666666666666,0.7916666666666666,A
inflation_bear_2022,1.0,0.576530612244898,0.8622448979591837,A
svb_banking_2023,1.0,1.0,1.0,A
tariff_selloff_2025,0.0,0.02857142857142857,0.02857142857142857,A
gfc_2007_09,,,,B
flash_crash_euro1_2010,0.0,0.0,0.0,B
us_downgrade_euro2_2011,0.1743119266055046,0.0,0.3394495412844037,B
china_oil_2015_16,0.34782608695652173,0.13043478260869565,0.13043478260869565,B
volmageddon_2018q1,0.0,0.0,0.0,B
fed_tightening_2018q4,0.0,0.0,0.0,B
covid_2020,0.625,0.25,0.625,B
inflation_bear_2022,0.41836734693877553,0.14795918367346939,0.4744897959183674,B
svb_banking_2023,1.0,0.0,0.0,B
tariff_selloff_2025,0.0,0.0,0.0,B
