pista,puesto_deteccion,id,detector,familia,nivel_etiqueta,score_deteccion,det_event_recall,det_n_detectados,det_n_eventos,det_precision,det_lift_precision,det_base_rate,det_marked_rate,det_day_recall,det_mean_crisis_run,mean_crisis_coverage,false_alarm_rate,mean_trap_activation,switching_rate,mean_regime_duration,label_stability,elapsed_seconds,fuente_deteccion,rank_medio_legacy,puesto_legacy
A,1,D10,turbulence_mahalanobis,Reglas multivariantes,elegible,0.6136239118524379,0.9411764705882352,16,17,0.4552023121387283,2.3470902143220163,0.1939432533786174,0.1958536757942404,0.4596862458956585,9.383050847457628,0.48062085481880645,0.5447976878612717,0.0,0.0416755112148871,23.954237288135594,0.9991496598639455,2612.3031940999936,csv,5.4,4.0
A,2,D01,rule_vix_threshold,Reglas,elegible,0.5871830942528263,0.9411764705882352,16,17,0.4266953199617956,2.20010396097047,0.1939432533786174,0.296327743578858,0.6519518423932871,79.01886792452831,0.6033930761209415,0.5733046800382043,0.0,0.0074294205052005,133.33018867924528,0.9997874149659864,41.71451140000136,csv,3.6,1.0
A,3,D03,clustering_gmm_k3,Clustering,elegible,0.5653186533982638,0.8823529411764706,15,17,0.4158878504672897,2.144379055328057,0.1939432533786174,0.3028373310691289,0.649398029916089,7.548500881834215,0.5302802337657544,0.5841121495327103,0.0052631578947368,0.0962286846387886,10.384276267450405,0.983170351473923,578.5257914000031,csv,8.1,11.0
A,4,D02,rule_composite_riskoff,Reglas,elegible,0.5587977277629971,0.7058823529411765,12,17,0.4624393030562696,2.3844052061635383,0.1939432533786174,0.2477181065591169,0.5906603429405326,184.26315789473685,0.4464862690719625,0.5375606969437303,0.0,0.0026179862732611,371.92105263157896,0.9983701814058956,26.595665900000316,csv,4.4,3.0
A,5,D05,markov_switching_var_2s,Markov-Switching,elegible,0.5459444893559687,1.0,17,17,0.3754633061527057,1.935944146609336,0.1939432533786174,0.3818014575815467,0.739146296971908,11.17184265010352,0.7313123516700734,0.6245366938472943,0.03157894736842105,0.0682799122620816,14.630434782608695,0.995216836734694,4064.725522800007,csv,7.0,6.0
A,6,D12,deep_ae_regime_k2,Deep learning,elegible,0.5453398133489797,0.8823529411764706,15,17,0.3946166786830088,2.034701758419177,0.1939432533786174,0.294417321163235,0.5990514410798978,3.079940784603997,0.5678888460869111,0.6053833213169911,0.0052631578947368,0.1911129979480648,5.230569948186528,0.9948270975056688,351.5905814999933,csv,7.7,9.0
A,7,D06,garch_t_vol,GARCH,elegible,0.5396825396825397,1.0,17,17,0.3695652173913043,1.9055327316276192,0.1939432533786174,0.4296327743578857,0.8186793141189347,62.597938144329895,0.7861187133863328,0.6304347826086957,0.0789473684210526,0.0136559824524163,72.85051546391753,0.9982284580498866,190.78388840000844,csv,6.2,5.0
A,8,D07,changepoint_online,Change-point,elegible,0.4693291607312879,0.8235294117647058,14,17,0.3281791907514451,1.692140278325492,0.1939432533786174,0.489634189485601,0.8285297336738416,432.5,0.6462501379252741,0.6718208092485549,0.0,0.0021934479586782,441.65625,1.0,105.48211559999618,csv,3.8,2.0
A,9,D08,hmm_tstudent_4s,HMM,elegible,0.4670334468605361,0.8235294117647058,14,17,0.325938566552901,1.6805872897089202,0.1939432533786174,0.3731691785183613,0.627143378329077,78.71641791044776,0.553690062122597,0.674061433447099,0.0,0.0157079176395669,63.37668161434978,0.7734552154195011,1776.0287443000052,csv,7.6,8.0
A,10,D04,hmm_gaussian_2s,HMM,elegible,0.45489966880966287,1.0,17,17,0.2944143235405371,1.5180436463328757,0.1939432533786174,0.5611688954928182,0.85187887632251,68.96521739130435,0.7882704142817928,0.7055856764594629,0.03684210526315785,0.0162032123399136,61.447826086956525,0.9785289115646258,6562.037653299994,csv,8.0,10.0
A,11,D11,msgarch_regime,GARCH,elegible,0.4434968017057569,0.7647058823529411,13,17,0.3123123123123123,1.6103283144508975,0.1939432533786174,0.3063043939715559,0.4932506384531193,35.48360655737705,0.43730283774094625,0.6876876876876877,0.0,0.0172645581263709,57.68571428571428,0.8968253968253969,1891.301544300004,csv,8.8,12.0
A,12,D09,jump_model_k2_lam50,Jump model,elegible,0.3615615228393669,0.4705882352941176,8,17,0.2935510887772194,1.5135926806597746,0.1939432533786174,0.3379324984079813,0.5114921561473914,318.4,0.3208905529963124,0.7064489112227805,0.0,0.0020519351871506,471.1,0.9875283446712018,5676.076886800001,csv,7.4,7.0
B,1,D05,markov_switching_var_2s,Markov-Switching,elegible,0.6467181467181466,1.0,9,9,0.477888730385164,2.767118911031927,0.1727026361172702,0.1727026361172702,0.477888730385164,7.965909090909091,0.49900740257306947,0.5221112696148359,0.0,0.043360433604336,22.93220338983051,0.9972718253968254,512.6999551999907,csv,4.6,4.0
B,2,D06,garch_t_vol,GARCH,elegible,0.5969659696596966,0.8888888888888888,8,9,0.4493827160493827,2.602060548422888,0.1727026361172702,0.1995565410199556,0.5192582025677603,30.0,0.5119327097469886,0.5506172839506173,0.0,0.0133037694013303,73.8,0.9993831729583024,31.16219170000113,csv,3.4,1.0
B,3,D01,rule_vix_threshold,Reglas,elegible,0.5046480743691899,0.6666666666666666,6,9,0.405982905982906,2.3507626467683527,0.1727026361172702,0.1152993348115299,0.2710413694721826,33.42857142857143,0.2542595382828445,0.594017094017094,0.0,0.0068982508006898,139.9655172413793,0.9998766345916604,5.560719599990989,csv,4.2,2.0
B,4,D02,rule_composite_riskoff,Reglas,elegible,0.5012658227848101,0.6666666666666666,6,9,0.4016227180527383,2.325515852462289,0.1727026361172702,0.1214584873121458,0.282453637660485,61.625,0.2940232702655063,0.5983772819472617,0.0,0.0039418576003941,238.76470588235293,0.9983962496915864,4.240643400000408,csv,4.4,3.0
B,5,D04,hmm_gaussian_2s,HMM,elegible,0.49730893433799783,0.7777777777777778,7,9,0.365506329113924,2.116391141046245,0.1727026361172702,0.1557033752155703,0.3295292439372325,25.28,0.37021369574933877,0.634493670886076,0.0,0.0123183050012318,79.58823529411765,0.9661978781149766,781.4321294999972,csv,5.8,5.0
B,6,D10,turbulence_mahalanobis,Reglas multivariantes,elegible,0.45692405871091263,1.0,9,9,0.2961124896608768,1.7145800221590568,0.1727026361172702,0.2978566149297856,0.5106990014265336,10.513043478260869,0.6001882385474043,0.7038875103391232,0.04736842105263155,0.0566642030056664,17.571428571428573,0.9958055761164568,291.4481115999952,csv,7.6,8.0
B,7,D07,changepoint_online,Change-point,elegible,0.4256631708821715,0.5555555555555556,5,9,0.345,1.99765335235378,0.1727026361172702,0.1478196600147819,0.2952924393723252,100.0,0.28505615116675576,0.655,0.0,0.0029563932002956,312.2307692307692,0.99506538366642,12.08956430001126,csv,5.8,5.0
B,8,D11,msgarch_regime,GARCH,elegible,0.39400817067635036,0.7777777777777778,7,9,0.2638297872340425,1.5276535041126658,0.1727026361172702,0.2315841340231584,0.3537803138373752,6.438356164383562,0.392387568912727,0.7361702127659574,0.16666666666666666,0.0719389012071938,13.853242320819112,0.8718998015873016,233.56652630000465,csv,9.6,12.0
B,9,D08,hmm_tstudent_4s,HMM,elegible,0.2744360902255638,0.3333333333333333,3,9,0.2332268370607028,1.3504532548208172,0.1727026361172702,0.0771125893077112,0.1041369472182596,34.77777777777778,0.08063837129054519,0.7667731629392971,0.0,0.0177383592017738,55.602739726027394,0.6638144841269841,176.68686400000297,csv,9.0,10.0
B,10,D03,clustering_gmm_k3,Clustering,elegible,0.24060150375939846,0.2222222222222222,2,9,0.2622950819672131,1.518767100862936,0.1727026361172702,0.0150283321015028,0.0228245363766048,6.777777777777778,0.033742482500246467,0.7377049180327869,0.0,0.0436067997043606,22.80337078651685,0.9369602763385146,57.09644810001191,csv,9.0,10.0
B,11,D09,jump_model_k2_lam50,Jump model,precision_no_supera_azar,0.0,0.0,0,9,0.0714285714285714,0.4135928265742816,0.1727026361172702,0.0068982508006898,0.0028530670470756,28.0,0.009259259259259255,0.9285714285714286,0.0,0.0004927322000492,1353.0,0.9986429805082656,689.196663499999,csv,6.6,7.0
B,12,D12,deep_ae_regime_k2,Deep learning,parpadeo,0.2742049469964664,0.2222222222222222,2,9,0.3579335793357933,2.0725426512467693,0.1727026361172702,0.0667652131066765,0.1383737517831669,2.419642857142857,0.15943462526278263,0.6420664206642066,0.02105263157894735,0.0551860064055186,18.04,0.99753269183321,55.07152720000158,csv,8.0,9.0
