pista,puesto_pista,id,detector,familia,mean_crisis_coverage,false_alarm_rate,mean_trap_activation,switching_rate,mean_regime_duration,label_stability,elapsed_seconds,rank_medio
A,1.0,D07,changepoint_online,Change-point,0.6462501379252741,0.6718208092485549,0.0,0.0021934479586782,441.65625,1.0,39.98999849999928,3.9
A,2.0,D01,rule_vix_threshold,Reglas,0.5185481537143398,0.5763928776565193,0.0,0.0105427014788084,94.22,0.999610260770975,18.53950839999925,4.1
A,3.0,D02,rule_composite_riskoff,Reglas,0.40770024150742534,0.5084937712344281,0.0,0.0058727800183966,168.25,0.99922052154195,12.719970699999976,4.3
A,4.0,D10,turbulence_mahalanobis,Reglas multivariantes,0.46304407625973126,0.5383447228549735,0.0,0.0442934974881483,22.54066985645933,0.9991496598639455,848.2448525999998,5.5
A,5.0,D09,jump_model_k2_lam50,Jump model,0.3331880228481672,0.5988416016116848,0.0,0.0036085756739545,271.78846153846155,0.9967757936507936,2970.4267723,5.9
A,6.0,D04,hmm_gaussian_2s,HMM,0.7925329401165796,0.7103732428502181,0.0,0.017193801740607,57.92213114754098,0.9766156462585034,4668.4375857,6.5
A,7.0,D06,garch_t_vol,GARCH,0.7302105486093023,0.6229090909090909,0.0789473684210526,0.0173353145121347,57.45121951219512,0.9990433673469388,93.62287650000144,7.0
A,8.0,D05,markov_switching_var_2s,Markov-Switching,0.7313123516700734,0.6245366938472943,0.03157894736842105,0.0682799122620816,14.630434782608695,0.995216836734694,2502.398130900001,7.8
A,8.0,D12,deep_ae_regime_k2,Deep learning,0.5603538405588153,0.6076887447892543,0.0052631578947368,0.181065591169603,5.520703125,0.995252267573696,241.9966445,7.8
A,10.0,D03,clustering_gmm_k3,Clustering,0.5571452815230264,0.5885036496350365,0.01052631578947365,0.0988466709120498,10.109442060085836,0.9757653061224488,415.8151811999997,8.2
A,11.0,D08,hmm_tstudent_4s,HMM,0.3704772405567955,0.6744186046511628,0.0,0.0164862378829689,60.3974358974359,0.751062925170068,1008.6918529999998,8.5
A,11.0,D11,msgarch_regime,GARCH,0.43730283774094625,0.6876876876876877,0.0,0.0172645581263709,57.68571428571428,0.8968253968253969,669.0313472000007,8.5
B,1.0,D06,garch_t_vol,GARCH,0.48791649017176275,0.5118881118881119,0.0,0.0147819660014781,66.54098360655738,0.999506538366642,14.358906400000706,3.4
B,2.0,D01,rule_vix_threshold,Reglas,0.2041856861120067,0.583596214511041,0.0,0.0093619118009361,104.07692307692308,0.9998766345916604,2.29806280000048,4.3
B,3.0,D02,rule_composite_riskoff,Reglas,0.18037163677260293,0.5722222222222222,0.0,0.0064055186006405,150.33333333333334,0.9983962496915864,2.0366870999996536,4.7
B,4.0,D05,markov_switching_var_2s,Markov-Switching,0.49900740257306947,0.5221112696148359,0.0,0.043360433604336,22.93220338983051,0.9972718253968254,223.2122290999996,4.9
B,5.0,D07,changepoint_online,Change-point,0.28505615116675576,0.655,0.0,0.0029563932002956,312.2307692307692,0.99506538366642,4.970447399999102,5.5
B,6.0,D04,hmm_gaussian_2s,HMM,0.3732214425459055,0.6389324960753532,0.0,0.010840108401084,90.2,0.9731063409819888,456.1463339999991,5.9
B,7.0,D09,jump_model_k2_lam50,Jump model,0.027777777777777776,0.8064516129032258,0.0,0.0004927322000492,1353.0,0.9986429805082656,267.66613379999944,6.3
B,8.0,D10,turbulence_mahalanobis,Reglas multivariantes,0.5827251237248957,0.6802270577105014,0.04736842105263155,0.0640551860064055,15.551724137931034,0.998026153466568,95.24912790000052,7.0
B,9.0,D12,deep_ae_regime_k2,Deep learning,0.16884958228643526,0.571917808219178,0.02105263157894735,0.0601133284060113,16.56734693877551,0.99753269183321,40.67865929999971,7.4
B,10.0,D03,clustering_gmm_k3,Clustering,0.034126984126984124,0.7419354838709677,0.0,0.0362158167036215,27.42567567567568,0.9444855662472242,72.36119830000007,8.7
B,11.0,D11,msgarch_regime,GARCH,0.392387568912727,0.7361702127659574,0.16666666666666666,0.0719389012071938,13.853242320819112,0.8718998015873016,68.95719430000099,9.6
B,12.0,D08,hmm_tstudent_4s,HMM,0.0543272864701436,0.9081081081081082,0.0789473684210526,0.0147819660014781,66.54098360655738,0.6910962301587301,101.50776229999974,10.3
