pista,generador,id,lift,recall,score,cumple
A,garch_regimen,D01,1.7217824283957002,0.8181818181818182,0.7093543249831351,True
A,garch_regimen,D02,1.4313233644747996,0.7272727272727273,0.6037485990152229,True
A,garch_regimen,D03,1.2287439260300124,0.9545454545454546,0.6281055414555508,True
A,garch_regimen,D04,1.0945322735504968,0.9545454545454546,0.5733527926159775,True
A,garch_regimen,D05,1.502738577139921,1.0,0.7348664595723058,True
A,garch_regimen,D06,1.5396879881074446,1.0,0.750054576261106,True
A,garch_regimen,D07,1.2007527981982848,0.8181818181818182,0.5785680746273802,True
A,garch_regimen,D08,0.9302022546468847,0.5909090909090909,0.35516762800929436,False
A,garch_regimen,D09,0.9196884612970344,0.8181818181818182,0.5014598294088084,False
A,garch_regimen,D10,1.6766670425416572,1.0,0.799050907323629,True
A,garch_regimen,D11,1.1570424726324633,0.7272727272727273,0.5046283242681967,True
A,garch_regimen,D12,1.366348484819513,0.8636363636363636,0.636308294571585,True
A,gaussiano_regimen,D01,2.3921724757577234,1.0,0.9777735526679365,True
A,gaussiano_regimen,D02,2.2526847332432895,1.0,0.946682678212471,True
A,gaussiano_regimen,D03,1.9323779048994978,0.9545454545454546,0.85256961917693,True
A,gaussiano_regimen,D04,1.6755591599492965,1.0,0.7973991426992822,True
A,gaussiano_regimen,D05,2.3381299332739047,1.0,0.9664572738297733,True
A,gaussiano_regimen,D06,2.1618143172484494,1.0,0.9271328585145084,True
A,gaussiano_regimen,D07,2.1181053946392883,0.6363636363636364,0.6329832660251774,True
A,gaussiano_regimen,D08,1.918978528804719,0.9090909090909091,0.8186250253655718,True
A,gaussiano_regimen,D09,1.0803533553535403,1.0,0.5988431501823633,True
A,gaussiano_regimen,D10,2.380675005018833,1.0,0.9751824869301494,True
A,gaussiano_regimen,D11,1.2386877346810932,0.7727272727272727,0.5879403629866583,True
A,gaussiano_regimen,D12,1.503599495216342,1.0,0.7493404873974497,True
A,var_regimen,D01,1.9923441291881547,1.0,0.8827617092464585,True
A,var_regimen,D02,1.3506791966484752,0.9090909090909091,0.6545060817375555,True
A,var_regimen,D03,1.2498890300324723,0.9090909090909091,0.6311071608578162,True
A,var_regimen,D04,1.1331163696072546,1.0,0.6142820371612532,True
A,var_regimen,D05,1.565053512555197,0.6818181818181818,0.5931944111254231,True
A,var_regimen,D06,1.8085188631234361,1.0,0.8317583545096657,True
A,var_regimen,D07,1.34404545040923,0.4090909090909091,0.3286992120745673,False
A,var_regimen,D08,1.2058617731668135,0.9090909090909091,0.6128270708123726,True
A,var_regimen,D09,1.0268167431991346,0.9545454545454546,0.5695385734203993,True
A,var_regimen,D10,1.6361569485975713,1.0,0.78908222946569,True
A,var_regimen,D11,1.68555500067347,0.9090909090909091,0.7637721383585373,True
A,var_regimen,D12,1.0874975056774352,1.0,0.6023061599679848,True
B,garch_regimen,D01,1.8685705562265196,0.8181818181818182,0.7205771341996783,True
B,garch_regimen,D03,1.6979252801440812,0.8181818181818182,0.696662896283395,True
B,garch_regimen,D04,1.2892579027530706,1.0,0.6727874205916897,True
B,garch_regimen,D05,1.8964326579773598,1.0,0.8620975557491931,True
B,garch_regimen,D06,1.8927996616395817,1.0,0.8600467850890826,True
B,garch_regimen,D07,1.529142447090868,0.9090909090909091,0.7205445444707309,True
B,garch_regimen,D08,1.659764334164987,0.9545454545454546,0.7738795486502149,True
B,garch_regimen,D09,1.0513006984969395,0.9090909090909091,0.5688183116802589,True
B,garch_regimen,D11,1.6352939903217893,1.0,0.7862233037470534,True
B,garch_regimen,D12,1.2507445754172712,1.0,0.6582796778002226,True
B,gaussiano_regimen,D01,2.4726444396624054,1.0,0.9944735694078816,True
B,gaussiano_regimen,D03,2.328596042242928,1.0,0.9641708890858038,True
B,gaussiano_regimen,D04,2.2892957701105816,1.0,0.9556296254398272,True
B,gaussiano_regimen,D05,2.3971926944140196,1.0,0.9789759243767747,True
B,gaussiano_regimen,D06,2.35658022621724,1.0,0.9704196446584477,True
B,gaussiano_regimen,D07,2.106755876852519,0.9545454545454546,0.8827628359180562,True
B,gaussiano_regimen,D08,2.220631021562465,1.0,0.9370487098389702,True
B,gaussiano_regimen,D09,1.7686293435864562,1.0,0.8250745683532539,True
B,gaussiano_regimen,D11,2.3364549777083634,0.9090909090909091,0.905233393101197,True
B,gaussiano_regimen,D12,1.0732285647116753,1.0,0.5989559993637684,True
B,var_regimen,D01,2.110641275433895,0.9090909090909091,0.8485825922728363,True
B,var_regimen,D03,1.9065151612042484,1.0,0.8631063256718985,True
B,var_regimen,D04,1.555415429249061,0.9545454545454546,0.7463334015218802,True
B,var_regimen,D05,2.0210851121450335,1.0,0.8933059463310269,True
B,var_regimen,D06,2.2795161355765887,1.0,0.9536370010889371,True
B,var_regimen,D07,1.9877082173105665,0.9545454545454546,0.8524617517186457,True
B,var_regimen,D08,1.4876367436613884,0.9545454545454546,0.7132222524249188,True
B,var_regimen,D09,1.233703545054603,0.8181818181818182,0.5873930022442965,True
B,var_regimen,D11,1.939335252360292,1.0,0.8666453333048636,True
B,var_regimen,D12,1.217833535232999,0.9090909090909091,0.6182882427165695,True
