pista,id,efecto_acortar,acortar_ic_lo,acortar_ic_hi,efecto_atenuar,atenuar_ic_lo,atenuar_ic_hi
A,D01,-0.6847716070357839,-0.7241780521475626,-0.6378379317830261,-0.10210674990033927,-0.12735155298705098,-0.08221263028591394
A,D02,-0.6071878554669237,-0.6444327802248773,-0.5670401753545584,-0.05616999116105812,-0.07686337330151166,-0.03824095878863517
A,D03,-0.6246974080669623,-0.6600633419784334,-0.589518635171188,-0.060022110731570176,-0.09825528690310886,-0.02155673507835654
A,D04,-0.5576672815831304,-0.5867549693010339,-0.5321610160721217,-0.023313829745687582,-0.04331458255225396,-0.005193594774979373
A,D05,-0.6229329818835713,-0.6705271604793582,-0.5715197021051067,-0.12663169017152678,-0.1718773082689851,-0.08343297868855215
A,D06,-0.7042682768465375,-0.7337008524609601,-0.6734270680644313,-0.07197319395964769,-0.09232712807238873,-0.05359317270868453
A,D07,-0.33481992812452654,-0.4002611250285669,-0.2683992395046872,-0.13196833332254396,-0.1807928050351736,-0.08350183260095756
A,D08,-0.5249260514273165,-0.5773014556219298,-0.46881767613416375,-0.023572060427887672,-0.06418992648796937,0.02076836314349956
A,D09,-0.4755169021542404,-0.510263783133972,-0.4359428724852855,-0.01721064090870137,-0.0390154074542287,0.002324286189663151
A,D10,-0.6701239604003093,-0.6855388352564512,-0.6536417137584789,-0.07574956292617996,-0.08478549897715461,-0.06748846386054327
A,D11,-0.4849483937715291,-0.5387311498959121,-0.43587052210521315,-0.08358377593102014,-0.12062399344162736,-0.045882059801385475
A,D12,-0.5817863203674875,-0.6042457336213828,-0.5584131501215334,-0.0233420078032899,-0.03680011084365354,-0.011261552686313004
B,D01,-0.6912161348369218,-0.7343557346919154,-0.6475000346969092,-0.07092480459896498,-0.08617959005884678,-0.05611424452631979
B,D03,-0.6308140429625572,-0.672296581977997,-0.5862463789522541,-0.09458927770908442,-0.12473941357059291,-0.06543008220048133
B,D04,-0.6502459193436128,-0.6766633661361039,-0.6218294849272954,-0.08893987238680177,-0.11996965063234355,-0.06093691614730716
B,D05,-0.681513074189203,-0.718876664837906,-0.6446163076533262,-0.13712506215972925,-0.17678006651193862,-0.10416645531719591
B,D06,-0.7888169986132277,-0.7989373953480995,-0.7783098429746379,-0.04829521939535177,-0.05683239339070883,-0.03982038914284079
B,D07,-0.5358924312298184,-0.6005010568440123,-0.4726072743385934,-0.23149592925377974,-0.2905547725299866,-0.17962275545521458
B,D08,-0.6266257753859957,-0.6639184872518772,-0.5879034244111648,-0.06130264823109962,-0.09887497423030644,-0.022303678829585304
B,D09,-0.5323401454453298,-0.5690615612330019,-0.49142302897522794,-0.06427470000964226,-0.09472552964583333,-0.037608963031316694
B,D11,-0.5814642759630184,-0.6318055507675561,-0.5248404123986381,-0.1769973356471325,-0.22772541877017397,-0.12125448352074397
B,D12,-0.5384919520869337,-0.5597277697895082,-0.5164486631842667,-0.021161315780089476,-0.034096428128053594,-0.008594839619480014
