id,score_lab,puesto_lab,score_deteccion,puesto_deteccion
D05,0.5207775595399746,1,0.6467181467181466,1
D03,0.49788290768065646,2,0.2406015037593984,10
D06,0.4721546214522674,3,0.5969659696596966,2
D08,0.4477058653945218,4,0.2744360902255638,9
D01,0.4241674282522572,5,0.5046480743691899,3
D11,0.4201684504303826,6,0.3940081706763503,8
D04,0.4010334359527029,7,0.4973089343379978,5
D07,0.3693001301985364,8,0.4256631708821715,7
D09,0.29943924944714934,9,0.0,11
D12,0.29353010335083657,10,0.2742049469964664,12
