pista,generador,duracion,intensidad,id,media,ic_lo,ic_hi,n
A,garch_regimen,21,0.5,D01,0.023644512731238517,0.0027758501040943792,0.053025262522155205,11
A,garch_regimen,21,0.5,D02,0.04568312001736208,0.015521064301552107,0.08159045065237944,11
A,garch_regimen,21,0.5,D03,0.044104157007957605,0.021701001707321938,0.06511126411143513,11
A,garch_regimen,21,0.5,D04,0.06717915889314742,0.042944553462712386,0.09265589844232687,11
A,garch_regimen,21,0.5,D05,0.06579877613543013,0.03822885081747865,0.09334720240092369,11
A,garch_regimen,21,0.5,D06,0.062197847045033325,0.026415231805628266,0.09773715716862102,11
A,garch_regimen,21,0.5,D07,0.01645655747027521,0.0017825311942959,0.03642312117085426,11
A,garch_regimen,21,0.5,D08,0.04601548236431166,0.01548735270708365,0.08111360975090483,11
A,garch_regimen,21,0.5,D09,0.03885091780452191,0.016621473764330905,0.06190497760915585,11
A,garch_regimen,21,0.5,D10,0.09815384548264267,0.08476412636471,0.1100197151433806,11
A,garch_regimen,21,0.5,D11,0.03556122378156276,0.0057575757575757565,0.07097472029039825,11
A,garch_regimen,21,0.5,D12,0.030213962201899928,0.012157840788083888,0.04937038670013609,11
A,garch_regimen,21,1.0,D01,0.032251685236230475,0.008793230019603256,0.059393773581633995,11
A,garch_regimen,21,1.0,D02,0.04953498395372566,0.013721541342184774,0.08829036101478992,11
A,garch_regimen,21,1.0,D03,0.04009351504811739,0.02315374335968659,0.0559232276126091,11
A,garch_regimen,21,1.0,D04,0.06863719373394984,0.04909752831056315,0.08631687971798296,11
A,garch_regimen,21,1.0,D05,0.06756381536722626,0.035972428260070556,0.10108037965818707,11
A,garch_regimen,21,1.0,D06,0.06271562530243306,0.02535471282446632,0.09855241349364055,11
A,garch_regimen,21,1.0,D07,0.022933599697824537,0.00570409982174688,0.04714850367024279,11
A,garch_regimen,21,1.0,D08,0.03224806201550388,0.0,0.0681324876673714,11
A,garch_regimen,21,1.0,D09,0.041842901486039266,0.017254248250245362,0.07005522869842216,11
A,garch_regimen,21,1.0,D10,0.12571783470858858,0.10488161500381102,0.1478182684590567,11
A,garch_regimen,21,1.0,D11,0.06581071268852075,0.01818181818181818,0.1174538734959431,11
A,garch_regimen,21,1.0,D12,0.03706270481292846,0.015554424922101408,0.060112559169293,11
A,garch_regimen,63,0.5,D01,0.1899647333188619,0.14237593261775425,0.23876431947820587,11
A,garch_regimen,63,0.5,D02,0.12169994129659417,0.047831382101045025,0.1987570340482556,11
A,garch_regimen,63,0.5,D03,0.22617397008579984,0.14437989733873968,0.32937986693928784,11
A,garch_regimen,63,0.5,D04,0.18389548349572024,0.12455968022785668,0.24339479725267682,11
A,garch_regimen,63,0.5,D05,0.26830524522005317,0.22557162968416702,0.32130074503747647,11
A,garch_regimen,63,0.5,D06,0.23190684901754313,0.15695089781290533,0.30169009091936017,11
A,garch_regimen,63,0.5,D07,0.1823969030643209,0.11025617907018097,0.25417127773755893,11
A,garch_regimen,63,0.5,D08,0.23912485011594178,0.1680400868758319,0.34095570830895816,11
A,garch_regimen,63,0.5,D09,0.17350819995773206,0.0985521899161721,0.2473625037944623,11
A,garch_regimen,63,0.5,D10,0.27129876490412813,0.2301555389366057,0.3185544273286663,11
A,garch_regimen,63,0.5,D11,0.17433940225302957,0.08210817285639002,0.2806883945320361,11
A,garch_regimen,63,0.5,D12,0.2010902107385627,0.144239929805079,0.2566916561101379,11
A,garch_regimen,63,1.0,D01,0.24118386034383707,0.1731949447520612,0.30888820102390524,11
A,garch_regimen,63,1.0,D02,0.22792783176988252,0.1447627202421626,0.30919889972748615,11
A,garch_regimen,63,1.0,D03,0.19863298372790492,0.13151953403223257,0.26447794009648745,11
A,garch_regimen,63,1.0,D04,0.18446636325022447,0.13790665820317982,0.23619289447214076,11
A,garch_regimen,63,1.0,D05,0.31216630774817056,0.25802848689685143,0.3794296521565604,11
A,garch_regimen,63,1.0,D06,0.25834460160533673,0.17500689588676518,0.34250947634951073,11
A,garch_regimen,63,1.0,D07,0.2041582759052793,0.13094869063908804,0.27413469800524415,11
A,garch_regimen,63,1.0,D08,0.19834887394910397,0.11883922309882905,0.2867346343730541,11
A,garch_regimen,63,1.0,D09,0.1443761424879291,0.08348034142048712,0.2079187266172444,11
A,garch_regimen,63,1.0,D10,0.3408193622541681,0.29205324871537436,0.3986167835859344,11
A,garch_regimen,63,1.0,D11,0.23548764102866757,0.1181290638014308,0.3784688237446976,11
A,garch_regimen,63,1.0,D12,0.2048212401836891,0.14798834099102434,0.265258481485447,11
A,garch_regimen,252,0.5,D01,0.523761995965412,0.32996679725915523,0.6902395183118762,11
A,garch_regimen,252,0.5,D02,0.489247687360211,0.3145612099842244,0.6441068636290795,11
A,garch_regimen,252,0.5,D03,0.6198945605094561,0.49184768147055824,0.7442719478119842,11
A,garch_regimen,252,0.5,D04,0.5353779047106596,0.46272284237121986,0.6024278263163125,11
A,garch_regimen,252,0.5,D05,0.607466649784964,0.516383753669439,0.6910774579179237,11
A,garch_regimen,252,0.5,D06,0.5736345659147383,0.45900417128644544,0.6712518706278082,11
A,garch_regimen,252,0.5,D07,0.5069735693755933,0.3357869251671338,0.6759734019038571,11
A,garch_regimen,252,0.5,D08,0.5010377564178605,0.3229444460020194,0.6751291169730572,11
A,garch_regimen,252,0.5,D09,0.3771594893374072,0.2415986640094969,0.518352033250347,11
A,garch_regimen,252,0.5,D10,0.6919852847679263,0.6337433494066469,0.7421246558137248,11
A,garch_regimen,252,0.5,D11,0.5486262079638178,0.4568205360354787,0.6542726873495076,11
A,garch_regimen,252,0.5,D12,0.5822112088962373,0.500351944847201,0.6647620384890616,11
A,garch_regimen,252,1.0,D01,0.7093543249831352,0.587139196985859,0.8222616502450811,11
A,garch_regimen,252,1.0,D02,0.6037485990152229,0.5239246951441476,0.6805143567650649,11
A,garch_regimen,252,1.0,D03,0.6281055414555506,0.5536825695548435,0.7077462592454298,11
A,garch_regimen,252,1.0,D04,0.5733527926159775,0.5029173308254044,0.6595610281198175,11
A,garch_regimen,252,1.0,D05,0.7348664595723059,0.6398664691330564,0.8110985458824879,11
A,garch_regimen,252,1.0,D06,0.7500545762611058,0.6683212917723581,0.8203296879286284,11
A,garch_regimen,252,1.0,D07,0.5785680746273802,0.4114113282241578,0.7278671608837531,11
A,garch_regimen,252,1.0,D08,0.3551676280092944,0.20073066622050284,0.514434698877963,11
A,garch_regimen,252,1.0,D09,0.5014598294088084,0.3805787457493469,0.5926872735242498,11
A,garch_regimen,252,1.0,D10,0.7990509073236289,0.758125294331984,0.8385522066254995,11
A,garch_regimen,252,1.0,D11,0.5046283242681966,0.373996750812908,0.6172257453988168,11
A,garch_regimen,252,1.0,D12,0.636308294571585,0.5580425681033312,0.6995837004554628,11
A,gaussiano_regimen,21,0.5,D01,0.10547330669808903,0.07585499401239569,0.13865161420987862,11
A,gaussiano_regimen,21,0.5,D02,0.14603421284570883,0.11381974487121184,0.1853432544608822,11
A,gaussiano_regimen,21,0.5,D03,0.08815795124511389,0.0667311266319464,0.11480261920717473,11
A,gaussiano_regimen,21,0.5,D04,0.08316074009937693,0.06648188323063911,0.10207906293915835,11
A,gaussiano_regimen,21,0.5,D05,0.057215502294681524,0.03767173381600673,0.07717732277199506,11
A,gaussiano_regimen,21,0.5,D06,0.07032284672056731,0.052501671415063844,0.08875355769891757,11
A,gaussiano_regimen,21,0.5,D07,0.020205312041714194,0.0,0.04359103500377736,11
A,gaussiano_regimen,21,0.5,D08,0.059050162392525814,0.029560168798528446,0.08904971638599159,11
A,gaussiano_regimen,21,0.5,D09,0.05455152759359589,0.032108606199741055,0.07702725577145093,11
A,gaussiano_regimen,21,0.5,D10,0.14956414705237653,0.135435534956474,0.16703786171074558,11
A,gaussiano_regimen,21,0.5,D11,0.05723885970292541,0.009740259740259742,0.11245229872796605,11
A,gaussiano_regimen,21,0.5,D12,0.08251180912371069,0.07207152716916886,0.09227676750984407,11
A,gaussiano_regimen,21,1.0,D01,0.1906003442706136,0.15479236322671916,0.2322322350032984,11
A,gaussiano_regimen,21,1.0,D02,0.20453302953718813,0.16956219837136657,0.24220791270901504,11
A,gaussiano_regimen,21,1.0,D03,0.14089639804803045,0.08107166533724056,0.21540848113758326,11
A,gaussiano_regimen,21,1.0,D04,0.09210591808433934,0.07788011025765393,0.10938268693213998,11
A,gaussiano_regimen,21,1.0,D05,0.06641939374558521,0.021288572137560576,0.1224503469765292,11
A,gaussiano_regimen,21,1.0,D06,0.08289896317930424,0.06428520789165412,0.10283045734536424,11
A,gaussiano_regimen,21,1.0,D07,0.05123407985156337,0.006734006734006734,0.12166422160523452,11
A,gaussiano_regimen,21,1.0,D08,0.13087934328368486,0.09263541196753243,0.17169225471340846,11
A,gaussiano_regimen,21,1.0,D09,0.046614224800596155,0.024891155626874,0.07046248364856818,11
A,gaussiano_regimen,21,1.0,D10,0.19149645906909732,0.1788143772242258,0.20533936082862114,11
A,gaussiano_regimen,21,1.0,D11,0.053686313686313686,0.014265734265734265,0.09774875124875124,11
A,gaussiano_regimen,21,1.0,D12,0.09960919271574807,0.0907752308156,0.10920805363262195,11
A,gaussiano_regimen,63,0.5,D01,0.4908680880650356,0.42833372119585683,0.5559432686548391,11
A,gaussiano_regimen,63,0.5,D02,0.491418174450421,0.44476297629409955,0.549352867630634,11
A,gaussiano_regimen,63,0.5,D03,0.303997106679501,0.23457697540610634,0.38521956136820285,11
A,gaussiano_regimen,63,0.5,D04,0.247496702302466,0.20812583286356676,0.29306499192401625,11
A,gaussiano_regimen,63,0.5,D05,0.2087128188684459,0.14603772376193697,0.28634555097538794,11
A,gaussiano_regimen,63,0.5,D06,0.2778297117178631,0.2240568396052203,0.33714009540821316,11
A,gaussiano_regimen,63,0.5,D07,0.05559729526671676,0.0,0.16679188580015028,11
A,gaussiano_regimen,63,0.5,D08,0.27042271923809497,0.19404435270001963,0.36167492752009817,11
A,gaussiano_regimen,63,0.5,D09,0.20220194409200998,0.13191742312263152,0.26873360348228986,11
A,gaussiano_regimen,63,0.5,D10,0.44344934684504217,0.4229020534346612,0.46371986694503214,11
A,gaussiano_regimen,63,0.5,D11,0.14814146819709284,0.08768083937590589,0.20597726625068463,11
A,gaussiano_regimen,63,0.5,D12,0.2668964046425162,0.249021990332001,0.28840672558674174,11
A,gaussiano_regimen,63,1.0,D01,0.6208496067148631,0.5675594766790402,0.6828345836514205,11
A,gaussiano_regimen,63,1.0,D02,0.60218322063272,0.5331597522950682,0.6789238299416767,11
A,gaussiano_regimen,63,1.0,D03,0.6688428498549086,0.5991041624728001,0.7451622133506807,11
A,gaussiano_regimen,63,1.0,D04,0.2985109569305046,0.24969023849190394,0.3550095993156305,11
A,gaussiano_regimen,63,1.0,D05,0.6890525736175613,0.5003597501550326,0.8710935063794609,11
A,gaussiano_regimen,63,1.0,D06,0.40628136926488756,0.33593816390492764,0.4607539749820602,11
A,gaussiano_regimen,63,1.0,D07,0.15973712080925395,0.04432354432354432,0.29067107408737153,11
A,gaussiano_regimen,63,1.0,D08,0.46233145470619325,0.34444125824153615,0.5451401731112897,11
A,gaussiano_regimen,63,1.0,D09,0.2042860152116665,0.138783325477198,0.25895590010389874,11
A,gaussiano_regimen,63,1.0,D10,0.5696932853611955,0.5333453897893133,0.6083486372863657,11
A,gaussiano_regimen,63,1.0,D11,0.25928971970016446,0.13923914133288634,0.3841536772838415,11
A,gaussiano_regimen,63,1.0,D12,0.3143028714476844,0.29028124097618574,0.34956932054062795,11
A,gaussiano_regimen,252,0.5,D01,0.9282790287141146,0.9069233057371441,0.948120712790431,11
A,gaussiano_regimen,252,0.5,D02,0.9047182346854471,0.8662528794006996,0.9389417755802663,11
A,gaussiano_regimen,252,0.5,D03,0.8063651252236469,0.7543014149567517,0.8634453883983205,11
A,gaussiano_regimen,252,0.5,D04,0.6655334326576466,0.6229614921194268,0.7243756782104446,11
A,gaussiano_regimen,252,0.5,D05,0.7743130657113423,0.6007279273764429,0.8991676996943465,11
A,gaussiano_regimen,252,0.5,D06,0.9004734536087668,0.8812068963154535,0.9195555347174318,11
A,gaussiano_regimen,252,0.5,D07,0.08251186564439576,0.0,0.2256297918948521,11
A,gaussiano_regimen,252,0.5,D08,0.7483446347700418,0.6689587940437713,0.8316894450143143,11
A,gaussiano_regimen,252,0.5,D09,0.5589310690799921,0.4826938645799724,0.6360880712484858,11
A,gaussiano_regimen,252,0.5,D10,0.8903923055683687,0.8751709917957164,0.9067870298096548,11
A,gaussiano_regimen,252,0.5,D11,0.31616844302004526,0.15683003906012735,0.48411747182914683,11
A,gaussiano_regimen,252,0.5,D12,0.699790037718234,0.6815208731639295,0.7177937534057578,11
A,gaussiano_regimen,252,1.0,D01,0.9777735526679364,0.9694400798187089,0.9854328617020277,11
A,gaussiano_regimen,252,1.0,D02,0.9466826782124709,0.9223637097724069,0.9661004037543618,11
A,gaussiano_regimen,252,1.0,D03,0.85256961917693,0.7618447305423484,0.9123028025594353,11
A,gaussiano_regimen,252,1.0,D04,0.7973991426992822,0.7505395156561802,0.8463914000677709,11
A,gaussiano_regimen,252,1.0,D05,0.9664572738297733,0.9610487918435047,0.9720011632595394,11
A,gaussiano_regimen,252,1.0,D06,0.9271328585145084,0.9165351741149601,0.9378971440599544,11
A,gaussiano_regimen,252,1.0,D07,0.6329832660251774,0.4324484926104345,0.7973784498644833,11
A,gaussiano_regimen,252,1.0,D08,0.8186250253655718,0.7281518264066861,0.9032751629802309,11
A,gaussiano_regimen,252,1.0,D09,0.5988431501823634,0.5459211504169467,0.6452218873634217,11
A,gaussiano_regimen,252,1.0,D10,0.9751824869301494,0.9639659863028787,0.9865283848227382,11
A,gaussiano_regimen,252,1.0,D11,0.5879403629866583,0.46177204164075786,0.6947133551948664,11
A,gaussiano_regimen,252,1.0,D12,0.7493404873974497,0.7211645525529617,0.7764660286379145,11
A,var_regimen,21,0.5,D01,0.11981392305967185,0.06417405059638912,0.17929832810155058,11
A,var_regimen,21,0.5,D02,0.07016020112041521,0.03663157504491625,0.10669857246499424,11
A,var_regimen,21,0.5,D03,0.061691152191709044,0.030022733787066356,0.09493327053523344,11
A,var_regimen,21,0.5,D04,0.07647319000817537,0.050762404861377036,0.100672469687305,11
A,var_regimen,21,0.5,D05,0.04110662585887209,0.009193054136874362,0.07436590089489235,11
A,var_regimen,21,0.5,D06,0.06332093337878349,0.04541509632706091,0.08100339003230601,11
A,var_regimen,21,0.5,D07,0.01823455437913269,0.0,0.04796965640339134,11
A,var_regimen,21,0.5,D08,0.07463433846501938,0.033261103888166596,0.12486789818422864,11
A,var_regimen,21,0.5,D09,0.06222956912719089,0.041104129760472,0.08370403799699845,11
A,var_regimen,21,0.5,D10,0.10433210054081819,0.08113542244954643,0.1283201400178155,11
A,var_regimen,21,0.5,D11,0.06510705347697752,0.04656292304961718,0.08095783327345263,11
A,var_regimen,21,0.5,D12,0.06931789327509033,0.04727489349672078,0.09230870013805115,11
A,var_regimen,21,1.0,D01,0.1830927637606319,0.13870907199618168,0.2316143042517235,11
A,var_regimen,21,1.0,D02,0.10117182831701559,0.06673432905475835,0.13279042405179106,11
A,var_regimen,21,1.0,D03,0.044488951540795636,0.02410453215021397,0.06288932318836407,11
A,var_regimen,21,1.0,D04,0.07102457095143125,0.04639403622309839,0.09732903420027213,11
A,var_regimen,21,1.0,D05,0.07681456261547509,0.03544185119661528,0.11840592889360757,11
A,var_regimen,21,1.0,D06,0.08408451754975801,0.06321446086932798,0.10857023658358526,11
A,var_regimen,21,1.0,D07,0.06890650375797863,0.0,0.1660790497412848,11
A,var_regimen,21,1.0,D08,0.04601295254238465,0.016464329818561798,0.08008069474231662,11
A,var_regimen,21,1.0,D09,0.05533390872017958,0.031970499224778716,0.0778103702387324,11
A,var_regimen,21,1.0,D10,0.1474921135742387,0.13237827110449468,0.16426158035003652,11
A,var_regimen,21,1.0,D11,0.0869182129506587,0.06804016943147057,0.1051911634911675,11
A,var_regimen,21,1.0,D12,0.07163081809284343,0.05402391330593173,0.09045734417317183,11
A,var_regimen,63,0.5,D01,0.30362175523812385,0.22516841419031405,0.3713923725347001,11
A,var_regimen,63,0.5,D02,0.3270488155890082,0.22415339308451615,0.42554711379336085,11
A,var_regimen,63,0.5,D03,0.1598803287686298,0.09541537718195454,0.22609541298393976,11
A,var_regimen,63,0.5,D04,0.19100870607726944,0.13728474238818103,0.24376346589562503,11
A,var_regimen,63,0.5,D05,0.13724247648456245,0.07141189304926449,0.1999980985881605,11
A,var_regimen,63,0.5,D06,0.24721045564674402,0.21395972079042672,0.28362309196814167,11
A,var_regimen,63,0.5,D07,0.013860578883000406,0.0,0.041581736649001215,11
A,var_regimen,63,0.5,D08,0.12878004461813997,0.06298300753110361,0.20000802031689727,11
A,var_regimen,63,0.5,D09,0.1454289792983462,0.08591674574972179,0.20608018538361364,11
A,var_regimen,63,0.5,D10,0.273776927440728,0.24904069877937438,0.29588682656078763,11
A,var_regimen,63,0.5,D11,0.17698834913479916,0.12928958828117568,0.22328308472705258,11
A,var_regimen,63,0.5,D12,0.18056931584614697,0.14799973929267468,0.21757420818915024,11
A,var_regimen,63,1.0,D01,0.5080958120640164,0.4335278332814379,0.5734821255377006,11
A,var_regimen,63,1.0,D02,0.37259328222095967,0.28047636072676796,0.4673386008576147,11
A,var_regimen,63,1.0,D03,0.27530089484598963,0.20245584441152534,0.34474463985747106,11
A,var_regimen,63,1.0,D04,0.17880996195307072,0.12846187422537267,0.2235953316297739,11
A,var_regimen,63,1.0,D05,0.2295302815754607,0.15286644177925182,0.29065902392535165,11
A,var_regimen,63,1.0,D06,0.33948112794618795,0.2950906789643784,0.38096798085500083,11
A,var_regimen,63,1.0,D07,0.11388569147755395,0.015110894467462832,0.2357745728039846,11
A,var_regimen,63,1.0,D08,0.12551265580100393,0.0741703578512433,0.17133247443066923,11
A,var_regimen,63,1.0,D09,0.15205506977972258,0.10121515157141403,0.19757290979435685,11
A,var_regimen,63,1.0,D10,0.3579711590247489,0.32540799474447535,0.39453509362973077,11
A,var_regimen,63,1.0,D11,0.26976882756059184,0.18385962828071115,0.3623689508744927,11
A,var_regimen,63,1.0,D12,0.21840525735774963,0.18146899168881225,0.25799328969863844,11
A,var_regimen,252,0.5,D01,0.741575566394122,0.6756576283837018,0.8057630795345905,11
A,var_regimen,252,0.5,D02,0.6613412275820502,0.5771912600806113,0.748111929452138,11
A,var_regimen,252,0.5,D03,0.6295745662600976,0.560667547586454,0.6926427262011794,11
A,var_regimen,252,0.5,D04,0.6186391514243833,0.563098766389296,0.6742889208815068,11
A,var_regimen,252,0.5,D05,0.436218707294889,0.26648970055353316,0.5832324730545286,11
A,var_regimen,252,0.5,D06,0.668096585446319,0.575508900742884,0.7594456442626086,11
A,var_regimen,252,0.5,D07,0.07715418819853383,0.0,0.18861369372125292,11
A,var_regimen,252,0.5,D08,0.5023945342521884,0.3400600244911603,0.6455226165643175,11
A,var_regimen,252,0.5,D09,0.5465923510285958,0.49772608921782546,0.5913668290276749,11
A,var_regimen,252,0.5,D10,0.6918070487738551,0.6577232350853621,0.7247714762751926,11
A,var_regimen,252,0.5,D11,0.552877262318878,0.43782389483839773,0.6606914288275145,11
A,var_regimen,252,0.5,D12,0.6111081138756553,0.5425602881057389,0.6656875060294223,11
A,var_regimen,252,1.0,D01,0.8827617092464586,0.8365772506860358,0.9230493778284636,11
A,var_regimen,252,1.0,D02,0.6545060817375555,0.5913547959344367,0.7196785213612235,11
A,var_regimen,252,1.0,D03,0.6311071608578162,0.5651955012095254,0.706265773315394,11
A,var_regimen,252,1.0,D04,0.6142820371612531,0.5530602081112023,0.6827537457684562,11
A,var_regimen,252,1.0,D05,0.5931944111254231,0.4686757640713315,0.687483885269801,11
A,var_regimen,252,1.0,D06,0.8317583545096657,0.7680248007164633,0.8827671300758513,11
A,var_regimen,252,1.0,D07,0.3286992120745673,0.172254745440283,0.4966499338976624,11
A,var_regimen,252,1.0,D08,0.6128270708123726,0.526006970609912,0.6785539601839371,11
A,var_regimen,252,1.0,D09,0.5695385734203993,0.522061020314914,0.6080708192438589,11
A,var_regimen,252,1.0,D10,0.78908222946569,0.7569941570789952,0.8176494462606425,11
A,var_regimen,252,1.0,D11,0.7637721383585373,0.6716174975654241,0.8384783221017279,11
A,var_regimen,252,1.0,D12,0.6023061599679846,0.5575850803114295,0.6482632935195641,11
B,garch_regimen,21,0.5,D01,0.08625668970862886,0.05522707699645488,0.11659085309830262,11
B,garch_regimen,21,0.5,D03,0.07443336086090001,0.04658799993583666,0.09948401247201247,11
B,garch_regimen,21,0.5,D04,0.06666660126622308,0.04324642146447646,0.08934339654073756,11
B,garch_regimen,21,0.5,D05,0.09659648449384943,0.08841359170049044,0.10568762062841222,11
B,garch_regimen,21,0.5,D06,0.09243632673940642,0.07823625709243928,0.10842021100642428,11
B,garch_regimen,21,0.5,D07,0.06358866238191238,0.023759955791674326,0.11088099830445929,11
B,garch_regimen,21,0.5,D08,0.06316249982887642,0.030815469622828582,0.09638486684013617,11
B,garch_regimen,21,0.5,D09,0.06914927897568464,0.04842546575334611,0.09070060262003589,11
B,garch_regimen,21,0.5,D11,0.10239785319135465,0.08617056924016311,0.11877848543263209,11
B,garch_regimen,21,0.5,D12,0.06084141825293498,0.045327731464874656,0.07287669246139285,11
B,garch_regimen,21,1.0,D01,0.11067635949637346,0.075435478876122,0.14846656818809315,11
B,garch_regimen,21,1.0,D03,0.05177912320224786,0.026358264624998767,0.07920552819093825,11
B,garch_regimen,21,1.0,D04,0.0799698832196022,0.06051080591127563,0.09833310233129432,11
B,garch_regimen,21,1.0,D05,0.13016488972640697,0.10849776243759802,0.14957735277210876,11
B,garch_regimen,21,1.0,D06,0.11480539972756891,0.09705380483791265,0.13472462347717798,11
B,garch_regimen,21,1.0,D07,0.07309796445021091,0.03206094599469387,0.11787030932798476,11
B,garch_regimen,21,1.0,D08,0.05066402487756125,0.022831522472269095,0.07948463202922068,11
B,garch_regimen,21,1.0,D09,0.07502006127461534,0.05650249855699717,0.09400687344609544,11
B,garch_regimen,21,1.0,D11,0.1059043255500678,0.09091080508358634,0.11955288936363474,11
B,garch_regimen,21,1.0,D12,0.0679685779978536,0.05030171550872249,0.08002416160813752,11
B,garch_regimen,63,0.5,D01,0.2906042706734336,0.2194403770517401,0.38171447530930075,11
B,garch_regimen,63,0.5,D03,0.20013820351786749,0.16446585849454326,0.24008161005552225,11
B,garch_regimen,63,0.5,D04,0.18353192259276357,0.1575168341793124,0.2155903528635104,11
B,garch_regimen,63,0.5,D05,0.33755358521365786,0.298566509570202,0.3828160860223606,11
B,garch_regimen,63,0.5,D06,0.3191797972393482,0.2875728364731607,0.36041342361102957,11
B,garch_regimen,63,0.5,D07,0.14720640519867353,0.08112541369074568,0.2166072721072949,11
B,garch_regimen,63,0.5,D08,0.223076858774811,0.1421866760819057,0.30460979460033555,11
B,garch_regimen,63,0.5,D09,0.143610933480858,0.08984144071798639,0.2057724183544164,11
B,garch_regimen,63,0.5,D11,0.2384094474766836,0.18751859310396074,0.3006155524913901,11
B,garch_regimen,63,0.5,D12,0.21565247142235008,0.20311657485155704,0.22861194651408934,11
B,garch_regimen,63,1.0,D01,0.3381591872779792,0.2776666642394943,0.3998013714709654,11
B,garch_regimen,63,1.0,D03,0.26267021238336946,0.2183857079848762,0.3051332639926615,11
B,garch_regimen,63,1.0,D04,0.19581451655113857,0.16585680644336637,0.22861906549520744,11
B,garch_regimen,63,1.0,D05,0.4098358995091018,0.3555807216536567,0.46893889446308074,11
B,garch_regimen,63,1.0,D06,0.3866561119263434,0.35561137749045696,0.42975800954368093,11
B,garch_regimen,63,1.0,D07,0.2378494933442377,0.14565228402388228,0.3298557302974905,11
B,garch_regimen,63,1.0,D08,0.18658105504988862,0.12071193750209758,0.25542022305880024,11
B,garch_regimen,63,1.0,D09,0.1563224883490624,0.10431550075437189,0.2122986588150603,11
B,garch_regimen,63,1.0,D11,0.2732262611045931,0.22725370213067653,0.31810204004475295,11
B,garch_regimen,63,1.0,D12,0.231212662275792,0.1944597966604409,0.27686648695963706,11
B,garch_regimen,252,0.5,D01,0.5817032995338975,0.426349107006282,0.7178105351224137,11
B,garch_regimen,252,0.5,D03,0.6182011750187046,0.4702996650777451,0.733461063309025,11
B,garch_regimen,252,0.5,D04,0.5418746404127185,0.431836885946597,0.6418941426878251,11
B,garch_regimen,252,0.5,D05,0.780650267052438,0.7564422409604847,0.8061135724268155,11
B,garch_regimen,252,0.5,D06,0.7592532482819653,0.7246650044211843,0.7933228354726084,11
B,garch_regimen,252,0.5,D07,0.6063442195819095,0.43101288168774254,0.735574411297881,11
B,garch_regimen,252,0.5,D08,0.5975525356476301,0.5027670721556377,0.7048982483358535,11
B,garch_regimen,252,0.5,D09,0.5420359488059914,0.4109635720307247,0.6518747868283729,11
B,garch_regimen,252,0.5,D11,0.5838340533134263,0.4439361536280828,0.7004638958458422,11
B,garch_regimen,252,0.5,D12,0.6277882744414094,0.5656753143906381,0.6988939952632881,11
B,garch_regimen,252,1.0,D01,0.7205771341996782,0.5356556196825739,0.8801723209649182,11
B,garch_regimen,252,1.0,D03,0.696662896283395,0.511641555601696,0.8487375618140743,11
B,garch_regimen,252,1.0,D04,0.6727874205916898,0.6164220588097986,0.7355382075048763,11
B,garch_regimen,252,1.0,D05,0.8620975557491931,0.8465362409377909,0.8775694849292968,11
B,garch_regimen,252,1.0,D06,0.8600467850890826,0.8340949763772204,0.8846352217524533,11
B,garch_regimen,252,1.0,D07,0.7205445444707309,0.5267461830138818,0.8419662300166627,11
B,garch_regimen,252,1.0,D08,0.7738795486502149,0.7090682387336746,0.8394996281718897,11
B,garch_regimen,252,1.0,D09,0.5688183116802589,0.43609364515467075,0.6699411559341915,11
B,garch_regimen,252,1.0,D11,0.7862233037470534,0.740694733198729,0.8278545582319718,11
B,garch_regimen,252,1.0,D12,0.6582796778002225,0.6039768099590574,0.7259288881999049,11
B,gaussiano_regimen,21,0.5,D01,0.09275932049637917,0.06832884926536859,0.1165505481147738,11
B,gaussiano_regimen,21,0.5,D03,0.18488231713408956,0.08835742556196365,0.28426805516902526,11
B,gaussiano_regimen,21,0.5,D04,0.10704274340287435,0.08867891608118673,0.12577119781239102,11
B,gaussiano_regimen,21,0.5,D05,0.11212130161664714,0.03787646480663222,0.22419189495917408,11
B,gaussiano_regimen,21,0.5,D06,0.10749966874710185,0.09407344818809782,0.12073935716855291,11
B,gaussiano_regimen,21,0.5,D07,0.07709310754084257,0.0062751407884151355,0.17443824028420543,11
B,gaussiano_regimen,21,0.5,D08,0.11768899110023133,0.060211106125610335,0.1684329360985334,11
B,gaussiano_regimen,21,0.5,D09,0.07769209295064562,0.06077602938008725,0.09868080379611159,11
B,gaussiano_regimen,21,0.5,D11,0.10122696194444109,0.030269098323404478,0.19320727074637073,11
B,gaussiano_regimen,21,0.5,D12,0.0591564347573992,0.053673854462665066,0.06461532939086438,11
B,gaussiano_regimen,21,1.0,D01,0.15438277415634502,0.1366100655655171,0.17039390984294464,11
B,gaussiano_regimen,21,1.0,D03,0.60044846529709,0.5137750556760157,0.6877169165203206,11
B,gaussiano_regimen,21,1.0,D04,0.20138727732540848,0.1498028909368384,0.26421862443189714,11
B,gaussiano_regimen,21,1.0,D05,0.5016579145992076,0.3277022493005822,0.6837035922486776,11
B,gaussiano_regimen,21,1.0,D06,0.16288460737967458,0.15420396858746147,0.17191336667002255,11
B,gaussiano_regimen,21,1.0,D07,0.2608032807615448,0.14237597900918217,0.39186506625509615,11
B,gaussiano_regimen,21,1.0,D08,0.395667221582449,0.2878359296327468,0.48975971518023415,11
B,gaussiano_regimen,21,1.0,D09,0.09988329765501587,0.053171811226535665,0.15424219960413102,11
B,gaussiano_regimen,21,1.0,D11,0.42652316413098534,0.2088804626387333,0.6270003349614636,11
B,gaussiano_regimen,21,1.0,D12,0.05278188013816516,0.03952696380726588,0.06264144083967312,11
B,gaussiano_regimen,63,0.5,D01,0.36538339560339245,0.34429155978549647,0.38181522446237715,11
B,gaussiano_regimen,63,0.5,D03,0.8534695470769617,0.7916146731124885,0.9036349919703303,11
B,gaussiano_regimen,63,0.5,D04,0.3614903896748171,0.2813802788278405,0.43284358109385557,11
B,gaussiano_regimen,63,0.5,D05,0.6172468381124625,0.4566739890297608,0.76755412754026,11
B,gaussiano_regimen,63,0.5,D06,0.43370605996904205,0.40535072126599575,0.4662973647514815,11
B,gaussiano_regimen,63,0.5,D07,0.2833333187256542,0.16537604567495126,0.40718857170290285,11
B,gaussiano_regimen,63,0.5,D08,0.7280454885273219,0.6140146478382631,0.838987269113109,11
B,gaussiano_regimen,63,0.5,D09,0.25963513729429966,0.18267958289415195,0.3389741703165036,11
B,gaussiano_regimen,63,0.5,D11,0.39336597909345894,0.20355339796757882,0.5961892698107695,11
B,gaussiano_regimen,63,0.5,D12,0.17528725784792665,0.15732081384861551,0.19367908203526393,11
B,gaussiano_regimen,63,1.0,D01,0.4603283176997415,0.445595988966313,0.4750868868048787,11
B,gaussiano_regimen,63,1.0,D03,0.8800477327802487,0.8388981747806336,0.9111000944835445,11
B,gaussiano_regimen,63,1.0,D04,0.746061893386721,0.6693566612614191,0.8176822097320948,11
B,gaussiano_regimen,63,1.0,D05,0.952111034460349,0.9421129742029323,0.9639388054246245,11
B,gaussiano_regimen,63,1.0,D06,0.46447321097985783,0.43721493792313565,0.49152449146875216,11
B,gaussiano_regimen,63,1.0,D07,0.6983528985940485,0.5864392483638919,0.7989397263240513,11
B,gaussiano_regimen,63,1.0,D08,0.8365334129428704,0.7641675801678677,0.8950460838357162,11
B,gaussiano_regimen,63,1.0,D09,0.422498005980338,0.28645266320733037,0.5741930797175314,11
B,gaussiano_regimen,63,1.0,D11,0.7475756334564778,0.5826281972883459,0.8975696092153606,11
B,gaussiano_regimen,63,1.0,D12,0.18507666834791603,0.1614165289201418,0.20743702319761026,11
B,gaussiano_regimen,252,0.5,D01,0.9209996486092794,0.9104626330711731,0.931298049188739,11
B,gaussiano_regimen,252,0.5,D03,0.9372716796334295,0.9242620423068034,0.951945875584371,11
B,gaussiano_regimen,252,0.5,D04,0.9178240763887332,0.8870788462778271,0.9482327674594037,11
B,gaussiano_regimen,252,0.5,D05,0.9537012894113094,0.9437097649619816,0.9625988235289663,11
B,gaussiano_regimen,252,0.5,D06,0.9539755208109084,0.9447859201124553,0.9619450750390268,11
B,gaussiano_regimen,252,0.5,D07,0.233510978240556,0.058988764044943826,0.41210598205061016,11
B,gaussiano_regimen,252,0.5,D08,0.9047550390612965,0.8606465747122296,0.9411470882546532,11
B,gaussiano_regimen,252,0.5,D09,0.5557585210100204,0.46621177443998385,0.6420531762063333,11
B,gaussiano_regimen,252,0.5,D11,0.5740724284477494,0.4375340162908686,0.6922568371650999,11
B,gaussiano_regimen,252,0.5,D12,0.5698285800512509,0.5470119016432311,0.5913075552445763,11
B,gaussiano_regimen,252,1.0,D01,0.9944735694078815,0.9911017505310061,0.9972567454319125,11
B,gaussiano_regimen,252,1.0,D03,0.9641708890858037,0.9533117017181937,0.9752572892540693,11
B,gaussiano_regimen,252,1.0,D04,0.955629625439827,0.9440228288036946,0.9666881597644685,11
B,gaussiano_regimen,252,1.0,D05,0.9789759243767747,0.975525122553021,0.9822691031310246,11
B,gaussiano_regimen,252,1.0,D06,0.9704196446584479,0.965448549720351,0.9741817462244293,11
B,gaussiano_regimen,252,1.0,D07,0.8827628359180562,0.8183568414399838,0.9348410085438262,11
B,gaussiano_regimen,252,1.0,D08,0.9370487098389703,0.8975255524086866,0.9731600304644425,11
B,gaussiano_regimen,252,1.0,D09,0.825074568353254,0.7851475552419056,0.8648885480164789,11
B,gaussiano_regimen,252,1.0,D11,0.9052333931011969,0.8296435964663774,0.9713690610048855,11
B,gaussiano_regimen,252,1.0,D12,0.5989559993637685,0.5672066325182276,0.6273091633615273,11
B,var_regimen,21,0.5,D01,0.11506685915607241,0.0800229896391482,0.15235271222922814,11
B,var_regimen,21,0.5,D03,0.08291419100103813,0.05552420991835446,0.11520960442537716,11
B,var_regimen,21,0.5,D04,0.08440700569678701,0.06842914100131867,0.1013156085851554,11
B,var_regimen,21,0.5,D05,0.11990890801373437,0.08879114908853303,0.14058265508308848,11
B,var_regimen,21,0.5,D06,0.09148584783747998,0.07472934983761637,0.10987905951413547,11
B,var_regimen,21,0.5,D07,0.04683027954968124,0.010689971818498463,0.10032202906811057,11
B,var_regimen,21,0.5,D08,0.12994027221374563,0.07021865151576216,0.1991324361024937,11
B,var_regimen,21,0.5,D09,0.05623030170581295,0.03260049738716411,0.08154362331498906,11
B,var_regimen,21,0.5,D11,0.08336776989318309,0.05330078708590631,0.10889340378434921,11
B,var_regimen,21,0.5,D12,0.06805160337734274,0.04532095898919716,0.09210165984267961,11
B,var_regimen,21,1.0,D01,0.11202842090425046,0.07684425037726406,0.14792338904098631,11
B,var_regimen,21,1.0,D03,0.13663596933918076,0.08852466733058818,0.19985682981746386,11
B,var_regimen,21,1.0,D04,0.09616092585537447,0.08049889944949648,0.11319746029570642,11
B,var_regimen,21,1.0,D05,0.16822344521869928,0.14821424415799211,0.18752559606433375,11
B,var_regimen,21,1.0,D06,0.1161159912487195,0.09853694677553365,0.13399672060587015,11
B,var_regimen,21,1.0,D07,0.15947208275529107,0.08619497223770933,0.24703025066016876,11
B,var_regimen,21,1.0,D08,0.09658244377464867,0.05569089538819426,0.1335779678743491,11
B,var_regimen,21,1.0,D09,0.053638711311747696,0.03327763944760644,0.07416047052671079,11
B,var_regimen,21,1.0,D11,0.10305034719552272,0.08334892876446877,0.11960678749156836,11
B,var_regimen,21,1.0,D12,0.0785453640348513,0.048724139363841616,0.11103761561046936,11
B,var_regimen,63,0.5,D01,0.293440760877882,0.21617324028804627,0.37134238109497525,11
B,var_regimen,63,0.5,D03,0.26741922627537923,0.20283299635823723,0.3226515194857413,11
B,var_regimen,63,0.5,D04,0.24357332992570296,0.18623737639224958,0.29594739955930927,11
B,var_regimen,63,0.5,D05,0.3031361763438702,0.2901711123772861,0.3156592594857626,11
B,var_regimen,63,0.5,D06,0.3537290027360946,0.2880146862771326,0.417507491986254,11
B,var_regimen,63,0.5,D07,0.22344688403709484,0.09635206495238172,0.35913918757459273,11
B,var_regimen,63,0.5,D08,0.3022671662863792,0.23050145457447732,0.3564709493446536,11
B,var_regimen,63,0.5,D09,0.15503061630596163,0.12115433535712924,0.18596629188510871,11
B,var_regimen,63,0.5,D11,0.2131059843316744,0.1435159032051045,0.27263334505936276,11
B,var_regimen,63,0.5,D12,0.22478275228958494,0.1962708359436442,0.25001484972461674,11
B,var_regimen,63,1.0,D01,0.3974601195505716,0.28964658894488293,0.5073525611417674,11
B,var_regimen,63,1.0,D03,0.45107630477355376,0.393574390846646,0.49346296850920346,11
B,var_regimen,63,1.0,D04,0.31538540542329174,0.28190329666595515,0.35072435991455514,11
B,var_regimen,63,1.0,D05,0.4076882056077938,0.3809511614575831,0.433143811062568,11
B,var_regimen,63,1.0,D06,0.4376813282508569,0.4095831422364925,0.4662429928805891,11
B,var_regimen,63,1.0,D07,0.48008800141607105,0.4060131814623318,0.5678617038669135,11
B,var_regimen,63,1.0,D08,0.31503603644912304,0.18214410197381053,0.4398124196214937,11
B,var_regimen,63,1.0,D09,0.1955409482191457,0.1431892532074085,0.25285663228435507,11
B,var_regimen,63,1.0,D11,0.3636223026947792,0.2894133510362037,0.46412510534911516,11
B,var_regimen,63,1.0,D12,0.2458877784927937,0.197124281229204,0.2959131978929589,11
B,var_regimen,252,0.5,D01,0.7521309889160069,0.6663073079904522,0.8417287394869492,11
B,var_regimen,252,0.5,D03,0.8365647189166581,0.8076850170346894,0.8623647938046886,11
B,var_regimen,252,0.5,D04,0.7026607884730979,0.6327110855172696,0.7623850159648292,11
B,var_regimen,252,0.5,D05,0.7490204058830208,0.699915773227548,0.7873927083782372,11
B,var_regimen,252,0.5,D06,0.9207976334299762,0.903630174363512,0.9379668620255792,11
B,var_regimen,252,0.5,D07,0.600615634888495,0.4274395949700297,0.7426175309071978,11
B,var_regimen,252,0.5,D08,0.6870020200704565,0.5884212480740457,0.7790295438411395,11
B,var_regimen,252,0.5,D09,0.5465742644516797,0.46444707766361976,0.6214407610966226,11
B,var_regimen,252,0.5,D11,0.6952475657693759,0.6001787704174846,0.7689972684202788,11
B,var_regimen,252,0.5,D12,0.5451562167069282,0.4909520723394888,0.5893343754869222,11
B,var_regimen,252,1.0,D01,0.8485825922728363,0.7724491441016323,0.9208498105496111,11
B,var_regimen,252,1.0,D03,0.8631063256718985,0.8348656200920063,0.8919785419289257,11
B,var_regimen,252,1.0,D04,0.7463334015218802,0.6723823652356367,0.8119479851902004,11
B,var_regimen,252,1.0,D05,0.8933059463310269,0.8750162932924506,0.9104301050521029,11
B,var_regimen,252,1.0,D06,0.9536370010889371,0.9454407561081692,0.9631319220188008,11
B,var_regimen,252,1.0,D07,0.8524617517186457,0.776153665108011,0.9115400406490479,11
B,var_regimen,252,1.0,D08,0.7132222524249188,0.6677674546707494,0.7688725551500907,11
B,var_regimen,252,1.0,D09,0.5873930022442965,0.5285760790110596,0.6412872996622679,11
B,var_regimen,252,1.0,D11,0.8666453333048634,0.807233133761676,0.9197497455988627,11
B,var_regimen,252,1.0,D12,0.6182882427165695,0.5590178782439257,0.6719424605269378,11
