epoca,perdida_critico,perdida_generador,wasserstein,penalizacion_gradiente,acierto_critico,cociente_dispersion,diversidad_z,wasserstein_val
0,4.355703233317896,0.02944344561547041,0.0956906545907259,0.44513939337974245,0.5992542613636364,0.0902915820479393,0.03655415028333664,
1,-0.13383770124478775,0.0005079293623566628,0.3658434897661209,0.02320057941092686,0.5472301136363636,0.11475305259227753,0.038862358778715134,
2,-1.2043052776293321,0.07768996432423592,1.6268589442426509,0.04225536571307616,0.7258522727272727,0.1469731479883194,0.04162447527050972,
3,-5.210137844085693,0.6266263524691263,5.803791479630903,0.05936535854231228,0.8648792613636364,0.14421236515045166,0.04210265725851059,
4,-9.359221111644398,1.001900389790535,10.514824000271885,0.11556026949123903,0.9151278409090909,0.12142974883317947,0.041058048605918884,
5,-11.234857819297098,1.19424968957901,13.230378064242275,0.19955203478986566,0.9156605113636364,0.11708296835422516,0.04100803658366203,
6,-11.884131171486594,0.9624350666999817,14.274112788113682,0.23899816112084823,0.9044744318181818,0.12311097979545593,0.04182295873761177,
7,-11.894552490927957,0.8326340168714523,14.235795194452459,0.23412426764314825,0.9099786931818182,0.1388493776321411,0.04341338202357292,
8,-12.235204003073953,0.9996598362922668,14.760070714083584,0.2524866746230559,0.9208096590909091,0.15628573298454285,0.044957324862480164,
9,-12.09052814136852,1.1800928115844727,14.592723759737881,0.2502195618369363,0.9282670454545454,0.1681554913520813,0.04606816545128822,
10,-12.561568780378861,1.2553698867559433,15.266042796048252,0.2704473977739161,0.9364346590909091,0.18409594893455505,0.0475812666118145,
11,-12.720213196494363,1.4284470677375793,15.391247315840287,0.26710342277180066,0.9405184659090909,0.19384293258190155,0.049021847546100616,
12,-12.966503403403543,1.0294773578643799,15.8126108863137,0.28461073474450543,0.9359019886363636,0.20130401849746704,0.05033671483397484,
13,-13.163206533952193,1.234517902135849,16.023442615162242,0.2860235978256572,0.9325284090909091,0.21623653173446655,0.052840545773506165,
14,-12.970152161338113,1.6288287341594696,15.72200567072088,0.2751853669231588,0.9327059659090909,0.23221267759799957,0.05590882524847984,
15,-12.91777142611417,1.867899735768636,15.681090354919434,0.27633187852122565,0.9447798295454546,0.24218259751796722,0.05847781524062157,
16,-12.74979678067294,2.053462564945221,15.472973043268377,0.27231762355024164,0.9408735795454546,0.2567039132118225,0.06243443116545677,
17,-12.689895022999156,1.9923302233219147,15.364683151245117,0.267478807405992,0.9437144886363636,0.2708292305469513,0.06709913164377213,
18,-12.764574657786977,1.66112224260966,15.450126301158559,0.2685551778836684,0.9408735795454546,0.2811017334461212,0.07089918851852417,
19,-12.73508019880815,1.9793867766857147,15.467106559059836,0.2732026129961014,0.9399857954545454,0.29482463002204895,0.07653418183326721,
20,-12.424788214943625,1.9352220296859741,15.047284819863059,0.26224966076287354,0.9430042613636364,0.3103230595588684,0.08281636983156204,
21,-12.506686384027654,2.0753161907196045,15.152752269398082,0.2646065909754146,0.9339488636363636,0.32205286622047424,0.08786150813102722,
22,-12.51449931751598,1.8327783048152924,15.137641386552291,0.2623142058199102,0.9376775568181818,0.3382522463798523,0.09502176195383072,
23,-12.539384148337625,2.059281438589096,15.178260456431996,0.26388762620362366,0.9366122159090909,0.3527236580848694,0.10260175913572311,
24,-12.254609107971191,2.2418821652730307,14.81568665937944,0.2561077651652423,0.9311079545454546,0.3624460697174072,0.10861068218946457,
25,-11.947834014892578,2.534725785255432,14.352881344881924,0.24050473218614404,0.9351917613636364,0.37527966499328613,0.1166183352470398,
26,-11.892455274408514,2.4703150391578674,14.285605517300693,0.23931503160433334,0.9341264204545454,0.3858247995376587,0.12454015761613846,
27,-11.956228082830256,2.7013299465179443,14.368172385475852,0.24119442972269925,0.9245383522727273,0.39208507537841797,0.1305885910987854,
28,-11.704607876864346,2.77863746881485,14.046944878318094,0.23423370312560687,0.9234730113636364,0.4007338881492615,0.13923193514347076,
29,-11.777142091230912,3.2278581857681274,14.147265607660467,0.237012348391793,0.9318181818181818,0.4115462899208069,0.1483727991580963,
30,-11.474535595286977,3.2576088905334473,13.682685678655451,0.22081499749963934,0.9256036931818182,0.41933950781822205,0.15529431402683258,
31,-11.343062574213201,3.254368484020233,13.589155197143555,0.22460926527326758,0.9209872159090909,0.42904990911483765,0.1648760437965393,
32,-10.97161527113481,3.238035500049591,13.129490505565297,0.21578752452676947,0.9247159090909091,0.4390976130962372,0.17481139302253723,
33,-10.832980329340154,3.024573008219401,12.895419034090908,0.20624386857856403,0.9215198863636364,0.4470504820346832,0.18242959678173065,
34,-11.000648325139826,2.8741668462753296,13.12390084700151,0.2123252505605871,0.9200994318181818,0.4580575227737427,0.19284123182296753,
35,-10.96872295032848,2.2829930782318115,13.03963479128751,0.2070911770517176,0.9351917613636364,0.4693133234977722,0.203404039144516,
36,-10.899576187133789,2.5521820386250815,12.970667839050293,0.2071091586893255,0.9295099431818182,0.4777411222457886,0.21144090592861176,
37,-10.865496115251021,2.496865153312683,12.933519970286977,0.20680239525708285,0.9216974431818182,0.4900966286659241,0.22252391278743744,
38,-10.653269507668234,2.5235925912857056,12.662480701099742,0.20092110335826874,0.9186789772727273,0.503369927406311,0.2340313047170639,
39,-10.215794129805131,2.3600497245788574,12.082354718988592,0.1866560469974171,0.9126420454545454,0.5118333697319031,0.24261640012264252,
40,-9.916488040577281,2.9042317271232605,11.734824527393688,0.1818336546421051,0.9183238636363636,0.5239077210426331,0.254049688577652,
41,-10.22711857882413,2.045713484287262,12.095633940263228,0.1868515366857702,0.9321732954545454,0.5353487730026245,0.2652356028556824,
42,-9.967322783036666,3.0137612024943032,11.743746150623668,0.17764231833544644,0.9296875,0.5423908233642578,0.27339285612106323,
43,-10.009148597717285,2.99935644865036,11.811175953258168,0.1802027252587405,0.9145951704545454,0.5519132614135742,0.28404703736305237,
44,-10.051871906627309,3.3606860637664795,11.842942931435324,0.17910710654475473,0.9158380681818182,0.5615207552909851,0.29462286829948425,
45,-10.135157151655717,4.068462530771892,11.94084574959495,0.1805688671090386,0.8783735795454546,0.5672663450241089,0.3025093674659729,
46,-10.052285367792303,4.169937431812286,11.893602284518154,0.18413170630281622,0.8561789772727273,0.5725367069244385,0.3126104176044464,
47,-10.087882388721813,3.786453068256378,11.863907207142223,0.17760247669436716,0.87109375,0.5776968002319336,0.32223963737487793,
48,-9.962002754211426,3.8737078507741294,11.7810396714644,0.18190369145436722,0.8854758522727273,0.5813249945640564,0.32947102189064026,
49,-9.83802656693892,4.242410182952881,11.585847767916592,0.17478212849660354,0.8668323863636364,0.584867537021637,0.33911922574043274,
50,-9.91324823552912,4.814674258232117,11.667585372924805,0.17543371563607996,0.8188920454545454,0.5877571702003479,0.3482939600944519,
51,-9.750032424926758,6.240488688151042,11.467704512856223,0.17176720906387677,0.8096590909090909,0.5906316637992859,0.35463568568229675,
52,-9.7014048316262,5.676663041114807,11.39726699482311,0.16958621008829636,0.8126775568181818,0.5948008894920349,0.36245715618133545,
53,-9.862331303683193,5.184349775314331,11.599148837002842,0.1736817563121969,0.8267045454545454,0.5963538885116577,0.3692542314529419,
54,-9.59230986508456,3.902634302775065,11.263338869268244,0.16710290448232132,0.884765625,0.5972981452941895,0.37416738271713257,
55,-9.61662448536266,3.768331289291382,11.290875348177822,0.16742508655244653,0.890625,0.5995159149169922,0.38069644570350647,
56,-9.745308182456277,5.207997560501099,11.466106068004262,0.17207978530363602,0.8094815340909091,0.601161003112793,0.38668060302734375,
57,-9.730887239629572,4.8551381429036455,11.445018421519887,0.17141311954368244,0.8302556818181818,0.6028176546096802,0.3910636305809021,
58,-9.756783832203258,3.995367467403412,11.451397115534002,0.16946133835749191,0.8735795454545454,0.6058540940284729,0.39674317836761475,
59,-9.645125909285111,5.235472202301025,11.318615219809793,0.16734893213618884,0.8213778409090909,0.609051525592804,0.4025110900402069,
60,-9.691208752718838,7.03181807200114,11.387778542258523,0.16965696622024884,0.7578125,0.6106827855110168,0.40652453899383545,
61,-9.78705935044722,6.424547076225281,11.489789702675559,0.17027305337515744,0.7501775568181818,0.6115479469299316,0.4112512171268463,
62,-9.58595137162642,5.848820805549622,11.236980958418412,0.16510296816175635,0.7954545454545454,0.6135356426239014,0.41593053936958313,
63,-9.52268036929044,6.149891535441081,11.183305740356445,0.16606253656474027,0.7679332386363636,0.615816593170166,0.4195456802845001,
64,-9.74091893976385,8.127274870872498,11.451557332819158,0.17106385799971494,0.7006392045454546,0.6182862520217896,0.4238293170928955,
65,-9.578566724603826,7.127462267875671,11.252298095009543,0.16737316006963904,0.6977982954545454,0.6185927987098694,0.4273102879524231,
66,-9.91667366027832,6.443242073059082,11.669733134183017,0.175305959853259,0.755859375,0.6188274025917053,0.42973634600639343,
67,-9.775460763411088,6.6814305782318115,11.482600818980824,0.17071401395580985,0.7427201704545454,0.619597852230072,0.4332798421382904,
68,-9.575711076909846,8.347910523414612,11.2220628044822,0.1646351692351428,0.6805752840909091,0.6204438805580139,0.43677404522895813,
69,-9.61478007923473,8.74202569325765,11.272342855280096,0.16575627299872311,0.6807528409090909,0.6205312013626099,0.4390012323856354,
70,-9.723566488786178,7.625083684921265,11.448591145602139,0.17250247435136276,0.7134232954545454,0.6200130581855774,0.44167986512184143,
71,-9.623753460970791,6.717925310134888,11.284817002036355,0.16610634191469711,0.7341974431818182,0.6201794743537903,0.44446009397506714,
72,-9.58947415785356,7.518731753031413,11.249913562427867,0.1660439439795234,0.6944247159090909,0.621091365814209,0.4466308355331421,
73,-9.5328876321966,9.439778804779053,11.18170235373757,0.164881477301771,0.6731178977272727,0.6218701004981995,0.44932231307029724,
74,-9.410920489918102,10.089370012283325,11.006101174788041,0.159518071196296,0.6725852272727273,0.6224567890167236,0.4520431458950043,
75,-9.443180344321512,9.308636029561361,11.076088298450816,0.16329079053618692,0.6700994318181818,0.6221577525138855,0.4538690745830536,
76,-9.58106717196378,9.517671823501587,11.2212871204723,0.1640219810334119,0.6613991477272727,0.6214932799339294,0.4560740292072296,
77,-9.227621685374867,10.50931167602539,10.784000396728516,0.15563786300745877,0.6484375,0.6219065189361572,0.4580327868461609,
78,-9.470220652493564,10.298835754394531,11.080509359186346,0.16102886335416275,0.6628196022727273,0.6226069331169128,0.45944875478744507,
79,-9.435684377496893,10.816101312637329,11.060251062566584,0.16245667094534094,0.662109375,0.6223680973052979,0.46105989813804626,
80,-9.559098503806375,10.420122146606445,11.24304285916415,0.16839443418112668,0.662109375,0.6204659342765808,0.4624505043029785,
81,-9.424901268698953,9.365224202473959,11.010215759277344,0.1585314626043493,0.6571377840909091,0.619587779045105,0.46335703134536743,
82,-9.421442985534668,9.65777039527893,11.016023809259588,0.15945807776667856,0.6418678977272727,0.6199013590812683,0.4646912217140198,
83,-9.256522005254572,11.949419498443604,10.82784349268133,0.15713214332407172,0.6226917613636364,0.620387077331543,0.4660865068435669,
84,-9.624221021478826,12.21998119354248,11.28836458379572,0.166414352980527,0.6399147727272727,0.6201232075691223,0.467100590467453,
85,-9.28632285378196,11.535706758499146,10.851924115961248,0.1565601256760684,0.6342329545454546,0.6193721890449524,0.4683355987071991,
86,-9.371352195739746,12.399776935577393,10.974145022305576,0.1602792739868164,0.6225142045454546,0.6198577880859375,0.469558984041214,
87,-9.221773060885342,12.450242042541504,10.78507440740412,0.15633013709024948,0.6127485795454546,0.6199068427085876,0.47026970982551575,
88,-9.47471115805886,10.639505386352539,11.07763957977295,0.16029285165396603,0.6315696022727273,0.6197099685668945,0.47113141417503357,
89,-9.388932661576705,13.04883337020874,10.982957059686834,0.15940243818543173,0.6296164772727273,0.6202532052993774,0.47204580903053284,
90,-9.376031182029031,13.63341204325358,10.99887821891091,0.16228470477190884,0.6116832386363636,0.6206892728805542,0.4728139340877533,
91,-8.98349735953591,12.016183376312256,10.47585695440119,0.1492359624667601,0.6147017045454546,0.6199374794960022,0.47354066371917725,
92,-9.4197020964189,10.781757354736328,11.003292430530895,0.158359018239108,0.6226917613636364,0.6188496351242065,0.47417959570884705,
93,-9.169332590970127,11.438167889912924,10.716710090637207,0.15473772585391998,0.6164772727272727,0.6186965107917786,0.4747938811779022,
94,-9.25379432331432,14.099052429199219,10.823317354375666,0.15695231340148233,0.5870028409090909,0.6200830936431885,0.47582024335861206,
95,-9.224856983531605,15.362683534622192,10.779932022094727,0.1555075144225901,0.5985440340909091,0.6212804913520813,0.4766119718551636,
96,-9.253318179737438,12.862015088399252,10.823571812022816,0.1570253616029566,0.6045809659090909,0.6209656596183777,0.4770582318305969,
97,-9.348023761402477,11.30627727508545,10.950285911560059,0.16022620282389902,0.6115056818181818,0.6207226514816284,0.4778670370578766,
98,-9.276299823414195,12.34841012954712,10.795355016534979,0.15190551633184607,0.6029829545454546,0.6217132806777954,0.4789138436317444,
99,-9.041486653414639,12.154945373535156,10.563835924321955,0.1522349159825932,0.5973011363636364,0.6225035190582275,0.4798029661178589,
100,-9.143687855113637,13.920021295547485,10.686320738358932,0.154263283718716,0.6003196022727273,0.623383641242981,0.48103800415992737,
101,-9.03368464383212,14.614914417266846,10.51733346418901,0.1483648636124351,0.5981889204545454,0.6247871518135071,0.4822719991207123,
102,-9.30732215534557,13.48404598236084,10.8853421644731,0.15780200064182281,0.5813210227272727,0.6257855296134949,0.4831005930900574,
103,-8.940561814741654,14.409048795700073,10.433380387046121,0.14928187023509631,0.5864701704545454,0.626107931137085,0.4840327799320221,
104,-9.232436786998402,15.697396039962769,10.818437749689275,0.15860008651560004,0.5907315340909091,0.6266090869903564,0.4849979281425476,
105,-9.052877946333451,15.004645029703775,10.583597616715865,0.1530719589103352,0.5790127840909091,0.6276206970214844,0.4858247935771942,
106,-8.980880824002353,14.741986274719238,10.473495136607777,0.1492614448070526,0.5752840909090909,0.6293007135391235,0.48697730898857117,
107,-8.982873743230646,13.659093141555786,10.469573714516379,0.14867000688206067,0.5809659090909091,0.6300218105316162,0.48801618814468384,
108,-9.199236696416682,13.06601587931315,10.748818744312633,0.15495821020819925,0.595703125,0.6305601000785828,0.48876917362213135,
109,-9.185670072382147,13.931192398071289,10.730596195567738,0.15449262207204645,0.5786576704545454,0.6320788264274597,0.48987093567848206,
110,-9.4117543480613,16.412049055099487,10.983400431546299,0.15716459263454785,0.5770596590909091,0.6334291696548462,0.49098142981529236,
111,-8.847742860967463,15.356099128723145,10.334564295682041,0.1486821553923867,0.5598366477272727,0.6336037516593933,0.49180135130882263,
112,-8.928675044666637,15.060289859771729,10.404241908680309,0.14755669236183167,0.5713778409090909,0.634584903717041,0.4930272698402405,
113,-8.885086146267978,16.137858867645264,10.362240184437145,0.14771540598435837,0.5680042613636364,0.6370197534561157,0.4943922162055969,
114,-8.982085401361639,16.489840189615887,10.500455769625576,0.1518370427868583,0.5573508522727273,0.6384752988815308,0.495292991399765,
115,-9.013938383622603,16.55194401741028,10.478328878229314,0.14643904702229935,0.5637428977272727,0.6391626596450806,0.4963732659816742,
116,-9.114138689908115,17.430877208709717,10.646418224681508,0.1532279442657124,0.5633877840909091,0.6404377818107605,0.49749284982681274,
117,-9.008709907531738,17.410228729248047,10.465062921697443,0.1456353027712215,0.5587713068181818,0.6422433853149414,0.49835145473480225,
118,-8.965789014642889,17.72924041748047,10.506874517960982,0.15410854735157706,0.5552201704545454,0.6440668106079102,0.4993732273578644,
119,-9.08940688046542,16.971436023712158,10.586374629627574,0.14969679442319003,0.5667613636363636,0.6448407769203186,0.5002661347389221,
120,-9.034557776017623,17.808671315511067,10.561739054593174,0.1527181254191832,0.5648082386363636,0.6458879113197327,0.5010249018669128,
121,-9.15550084547563,18.585265636444092,10.695137110623447,0.1539636254310608,0.5511363636363636,0.6478586792945862,0.502019464969635,
122,-9.087124304337935,20.3024263381958,10.612538424405185,0.15254140442067926,0.5694247159090909,0.649151623249054,0.5028935670852661,
123,-9.008062015880238,17.543873469034832,10.558445496992631,0.15503835000775076,0.5603693181818182,0.6504268646240234,0.5036167502403259,
124,-9.029951789162375,18.0456326007843,10.534539829600941,0.15045879510315982,0.5536221590909091,0.6528332233428955,0.5047208070755005,
125,-8.854528427124023,19.70857048034668,10.28795034235174,0.1433421861041676,0.5582386363636364,0.6545897722244263,0.5057687759399414,
126,-8.795930949124424,21.015300750732422,10.280924883755771,0.14849940619685434,0.5550426136363636,0.6558153629302979,0.5065991878509521,
127,-8.860267639160156,19.511333465576172,10.333836988969283,0.14735695042393424,0.560546875,0.657673180103302,0.5076062679290771,
128,-9.024464173750443,20.073398113250732,10.578158551996404,0.15536942265250467,0.5536221590909091,0.6595227718353271,0.5086403489112854,
129,-8.754560037092729,17.70072364807129,10.157930547540838,0.14033704860643906,0.5541548295454546,0.6606864929199219,0.5093926191329956,
130,-8.908290776339443,20.12391996383667,10.401080651716752,0.1492789848284288,0.5589488636363636,0.6623545289039612,0.5103331804275513,
131,-8.772748687050559,20.802692413330078,10.2379769411954,0.14652282744646072,0.5530894886363636,0.6638826727867126,0.5111944675445557,
132,-8.815014232288707,21.123868942260742,10.250976302407004,0.14359619197520343,0.5541548295454546,0.6644909381866455,0.5118003487586975,
133,-8.67872498252175,21.934882164001465,10.118396672335537,0.14396717060695996,0.5523792613636364,0.6658421754837036,0.5126391053199768,
134,-9.01964655789462,20.67273712158203,10.491946827281605,0.14723002842881464,0.548828125,0.6677703261375427,0.5135197043418884,
135,-8.95374904979359,22.662076950073242,10.471290241588246,0.15175411917946555,0.5459872159090909,0.6685097813606262,0.5141282677650452,
136,-8.661347302523525,21.59962797164917,10.09529668634588,0.14339492266828363,0.5562855113636364,0.6691880226135254,0.5149208307266235,
137,-8.83352080258456,23.60379123687744,10.266591332175516,0.14330704781142148,0.5456321022727273,0.6704515814781189,0.5157124996185303,
138,-8.60614689913663,24.37949816385905,10.033184918490322,0.14270379868420688,0.548828125,0.6714257597923279,0.5162943005561829,
139,-8.738232612609863,23.225005626678467,10.16420130296187,0.14259686930613083,0.5493607954545454,0.6721025705337524,0.5169041752815247,
140,-8.771507263183594,23.198313236236572,10.247344623912465,0.14758374745195563,0.5541548295454546,0.6728349924087524,0.517503559589386,
141,-8.609913912686435,23.77496592203776,10.038416689092463,0.1428502696481618,0.5411931818181818,0.6737169027328491,0.5179222822189331,
142,-8.93875334479592,22.93202495574951,10.445088126442649,0.150633495639671,0.5458096590909091,0.6742262840270996,0.5184761881828308,
143,-9.01026760448109,21.52453374862671,10.514509807933461,0.15042421492663297,0.5493607954545454,0.6744135022163391,0.5189458131790161,
144,-8.832151499661533,21.8536434173584,10.270725857127797,0.14385743981057947,0.5486505681818182,0.6752219796180725,0.5193480253219604,
145,-8.848628911105068,22.77223253250122,10.299334699457342,0.145070573145693,0.5438565340909091,0.6763420104980469,0.5198659300804138,
146,-8.649703242562033,23.83053207397461,10.10273890061812,0.14530357718467712,0.5491832386363636,0.6764720678329468,0.5202240347862244,
147,-8.566121925007213,23.035306294759113,9.949823206121271,0.13837012106722052,0.5481178977272727,0.676775336265564,0.5204600095748901,
148,-8.649159344759854,25.591463565826416,10.095216317610307,0.14460570297457956,0.5436789772727273,0.6776208877563477,0.5208151340484619,
149,-8.795539335771041,23.724933624267578,10.227681159973145,0.14321418919346549,0.5463423295454546,0.6776653528213501,0.5211437344551086,
