epoca,fase,beta,perdida,reconstruccion,kl,val_reconstruccion,val_kl,val_elbo,unidades_activas,sigma_decoder,cociente_dispersion,cociente_dispersion_media
0,1,0.05,318.0359232049239,317.50181539435135,10.547554955278573,147.4212188720703,6.357433795928955,153.77865266799927,16,0.7356216311454773,0.8317980766296387,0.09435935318470001
1,1,0.1,142.4057378266987,140.01627530549703,23.8943637797707,114.39462280273438,15.83649730682373,130.2311201095581,16,0.5895700454711914,0.6444910168647766,0.10053684562444687
2,1,0.15,115.83452104267322,111.10260130229749,31.54613158577367,94.24874114990234,21.21104621887207,115.45978736877441,16,0.6004177331924438,0.6448109745979309,0.10095168650150299
3,1,0.2,101.36274136995014,95.62073095221268,28.710052891781455,83.64441680908203,19.582664489746094,103.22708129882812,16,0.5984615087509155,0.6457343101501465,0.106972336769104
4,1,0.25,92.83129200182464,86.08036221955952,27.00372008273476,72.96047973632812,19.755414962768555,92.71589469909668,16,0.5769200325012207,0.6317217350006104,0.11653546988964081
5,1,0.3,83.91415706433747,76.1947973150956,25.731199766460218,66.2944107055664,19.625478744506836,85.91988945007324,16,0.555983304977417,0.6200414299964905,0.12130410224199295
6,1,0.35,79.36066758005242,70.41457648026316,25.560259367290296,61.08830261230469,19.62865447998047,80.71695709228516,16,0.5580454468727112,0.6265684366226196,0.12242729216814041
7,1,0.4,76.03182501541941,66.20420506126003,24.56905093945955,57.111976623535156,19.519487380981445,76.6314640045166,16,0.5569835305213928,0.6329368948936462,0.12798820436000824
8,1,0.45,73.41884492572986,62.572888926455846,24.102125820360687,53.97941970825195,19.483949661254883,73.46336936950684,16,0.5548571348190308,0.6361466646194458,0.1303577870130539
9,1,0.5,71.10427053351151,59.56238545869526,23.083704546878213,52.551841735839844,18.299278259277344,70.85111999511719,16,0.5556333661079407,0.6410820484161377,0.13227508962154388
10,1,0.55,69.42724087363796,57.034100883885436,22.53145002063952,50.683467864990234,18.583707809448242,69.26717567443848,16,0.5532062649726868,0.6438106894493103,0.13616400957107544
11,1,0.6,69.82227144743267,56.70161176982679,21.866785902726022,49.149784088134766,18.23931121826172,67.38909530639648,16,0.5593555569648743,0.653764009475708,0.14017966389656067
12,1,0.65,66.81092212074681,53.19458861100046,20.94647256951583,47.29877853393555,17.835002899169922,65.13378143310547,16,0.554943859577179,0.6530848741531372,0.14280551671981812
13,1,0.7,67.56744153876053,53.075162285252624,20.70034815135755,47.62654495239258,17.526540756225586,65.15308570861816,16,0.5565723180770874,0.6594390869140625,0.14618192613124847
14,1,0.75,67.10695818850868,52.024083589252676,20.108630481519196,46.05592727661133,17.069231033325195,63.12515830993652,16,0.5528567433357239,0.6602753400802612,0.15048137307167053
15,1,0.8,65.90739541304738,50.35142587360583,19.442789830659564,45.84114074707031,16.66047477722168,62.50161552429199,16,0.5597941875457764,0.6697179675102234,0.15298305451869965
16,1,0.85,65.21190914354827,49.09118672421104,18.963198812384356,44.54508972167969,16.759817123413086,61.30490684509277,16,0.5559897422790527,0.6668568253517151,0.15575966238975525
17,1,0.9,63.60833067643015,47.20968166150545,18.216767813030042,43.70236587524414,15.931386947631836,59.63375282287598,16,0.5541815757751465,0.6698889136314392,0.16016513109207153
18,1,0.95,64.02288155806691,47.161649101658874,17.740381692585192,41.72573471069336,15.699151992797852,57.42488670349121,16,0.5574228167533875,0.680794894695282,0.16799625754356384
19,1,1.0,64.14610963118703,46.7739758742483,17.36554462031314,41.56263732910156,15.430575370788574,56.99321269989014,16,0.5587965250015259,0.6834420561790466,0.16889511048793793
20,1,1.0,63.035646538985404,46.036807010048314,16.990541357743112,41.487918853759766,15.196555137634277,56.68447399139404,16,0.5536832809448242,0.6797923445701599,0.1709459125995636
21,1,1.0,60.50464429353413,43.613849439119036,16.885010367945622,39.47031784057617,15.29063892364502,54.76095676422119,16,0.5579140186309814,0.6885918378829956,0.17378780245780945
22,1,1.0,60.46518717314068,43.38655662536621,17.07280068648489,39.373680114746094,15.317817687988281,54.691497802734375,16,0.5520128607749939,0.6849440336227417,0.17607071995735168
23,1,1.0,59.89045273630243,42.69417481673391,17.18912044324373,38.1608772277832,15.054012298583984,53.21488952636719,16,0.5497444272041321,0.6861697435379028,0.17930752038955688
24,1,1.0,58.93841723391884,42.165244253058184,16.76362813146491,38.24073791503906,15.117186546325684,53.357924461364746,16,0.5509704947471619,0.6892955899238586,0.18162815272808075
25,1,1.0,57.25744779486405,40.5078774000469,16.73960474917763,37.00834655761719,15.162437438964844,52.17078399658203,16,0.544359564781189,0.6837916374206543,0.18283846974372864
26,1,1.0,57.8902934224982,41.00895449989721,16.872272742422002,38.09999084472656,15.441732406616211,53.54172325134277,16,0.5460667014122009,0.6873666644096375,0.18472819030284882
27,1,1.0,55.85444861964176,38.85109394475033,16.994166324013158,36.87965393066406,15.245360374450684,52.125014305114746,16,0.5465703010559082,0.6901045441627502,0.1858205944299698
28,1,1.0,56.262372267873666,39.43663983595999,16.81561427367361,37.066741943359375,15.143730163574219,52.210472106933594,16,0.5449956655502319,0.6899449825286865,0.1880977749824524
29,1,1.0,54.5905233684339,37.77492242110403,16.805690715187474,34.817142486572266,15.230286598205566,50.04742908477783,16,0.5457202792167664,0.6934091448783875,0.18830136954784393
30,1,1.0,54.239872581080384,37.3504524230957,16.876892140037135,34.36302185058594,15.338635444641113,49.70165729522705,16,0.5460514426231384,0.6953290104866028,0.19033116102218628
31,1,1.0,53.72206768236662,37.026720097190456,16.68066634629902,36.074832916259766,15.33237361907959,51.407206535339355,16,0.5432721376419067,0.698768675327301,0.19445247948169708
32,1,1.0,53.040608857807364,36.06745524155466,16.962432560167816,33.64384841918945,15.233415603637695,48.87726402282715,16,0.5455373525619507,0.6979667544364929,0.19667017459869385
33,1,1.0,53.04326890644274,36.34249993374473,16.68716704218011,35.86164855957031,15.133342742919922,50.994991302490234,16,0.5497753620147705,0.7043598890304565,0.19667522609233856
34,1,1.0,50.57372133355392,34.045815869381556,16.513515698282344,33.96855926513672,15.067928314208984,49.0364875793457,16,0.5432714223861694,0.6998919248580933,0.19834361970424652
35,1,1.0,50.02584377088045,33.62412874322189,16.38459506787752,33.548851013183594,15.000576972961426,48.54942798614502,16,0.5414382219314575,0.6995302438735962,0.19837859272956848
36,1,1.0,50.43275662472374,33.90398597717285,16.516540577537135,34.65987014770508,15.201651573181152,49.86152172088623,16,0.5429719090461731,0.7033158540725708,0.2019062042236328
37,1,1.0,51.11784031516627,34.60103060069837,16.50405928963109,34.976524353027344,15.327381134033203,50.30390548706055,16,0.5470810532569885,0.7074784636497498,0.20321939885616302
38,1,1.0,49.60335590964869,32.97893388647782,16.61101900903802,31.545883178710938,15.05290699005127,46.59879016876221,16,0.5433511734008789,0.7109297513961792,0.2065022885799408
39,1,1.0,48.94597234224018,32.41273744482743,16.520278353440133,31.51313018798828,15.404783248901367,46.91791343688965,16,0.5464232563972473,0.7126497626304626,0.20845966041088104
40,1,1.0,48.06171266656173,31.585171699523926,16.461896294041683,32.322166442871094,15.240594863891602,47.562761306762695,16,0.5472933650016785,0.7142660021781921,0.20870624482631683
41,1,1.0,47.81793604399029,31.454555260507686,16.34425381610268,31.087413787841797,15.007330894470215,46.09474468231201,16,0.5481817126274109,0.7182744145393372,0.21045291423797607
42,1,1.0,47.72674962093956,31.323387647929945,16.389210173958226,31.840198516845703,15.325237274169922,47.165435791015625,16,0.5458536148071289,0.7183881402015686,0.2146720141172409
43,1,1.0,46.982680672093444,30.477268419767682,16.488897850638942,30.809843063354492,15.36351203918457,46.17335510253906,16,0.5417420268058777,0.7162261009216309,0.21544583141803741
44,1,1.0,46.29052985341925,29.832635628549678,16.44421231119256,30.245391845703125,14.879773139953613,45.12516498565674,16,0.5478965044021606,0.7263380885124207,0.2176806777715683
45,1,1.0,47.323781164068926,30.963276210584137,16.343301747974596,30.74490737915039,15.212959289550781,45.95786666870117,16,0.5521128177642822,0.72869873046875,0.21831242740154266
46,1,1.0,44.72330334312037,28.459634228756553,16.246165401057194,29.408092498779297,15.075240135192871,44.48333263397217,16,0.5535666346549988,0.732029139995575,0.22017733752727509
47,1,1.0,44.84766528480932,28.276347762659977,16.55478673232229,30.806785583496094,15.275169372558594,46.08195495605469,16,0.5535063147544861,0.7332398295402527,0.22193920612335205
48,1,1.0,44.832049118845084,28.432494414480107,16.382419335214717,28.405345916748047,15.324307441711426,43.72965335845947,16,0.5528936982154846,0.7374147176742554,0.2249297797679901
49,1,1.0,44.624635897184675,28.107687046653346,16.500472194270085,30.089832305908203,15.253138542175293,45.342970848083496,16,0.5585534572601318,0.7423402667045593,0.22675178945064545
50,1,1.0,44.35654379192152,27.866372409619782,16.47158414439151,28.621095657348633,14.887689590454102,43.508785247802734,16,0.5533332228660583,0.7395941019058228,0.22813618183135986
51,1,1.0,43.16034005817614,26.90590517144454,16.234365739320452,27.85224723815918,15.26433277130127,43.11658000946045,16,0.5569076538085938,0.7478811144828796,0.23226256668567657
52,1,1.0,43.7428045774761,27.2970609664917,16.426380659404554,28.322406768798828,15.345870018005371,43.6682767868042,16,0.5535720586776733,0.745396614074707,0.23132920265197754
53,1,1.0,43.39731818751285,26.933355180840742,16.438834391142194,27.885347366333008,15.380204200744629,43.26555156707764,16,0.5531044602394104,0.7451165318489075,0.2320065200328827
54,1,1.0,43.583851764076634,27.131201995046514,16.429280281066895,28.203516006469727,15.406006813049316,43.60952281951904,16,0.5515525341033936,0.7432336211204529,0.23359039425849915
55,1,1.0,42.452566749171204,25.988834581877057,16.437923682363408,29.15674591064453,15.186040878295898,44.34278678894043,16,0.560326099395752,0.754601240158081,0.23695021867752075
56,1,1.0,42.74832926298443,26.241029438219574,16.482412488836992,27.34321403503418,15.224875450134277,42.56808948516846,16,0.55845046043396,0.7521823048591614,0.23569326102733612
57,1,1.0,42.60831652189556,26.413202787700452,16.169439968309906,28.238468170166016,15.114226341247559,43.352694511413574,16,0.5580942630767822,0.7580247521400452,0.24072055518627167
58,1,1.0,41.31189597280402,25.24964633740877,16.037145464043867,26.455739974975586,15.165616035461426,41.62135601043701,16,0.5582590103149414,0.7580835819244385,0.24290747940540314
59,1,1.0,40.80603810360557,24.59225975839715,16.19195014552066,28.46896743774414,15.373492240905762,43.8424596786499,16,0.5551359057426453,0.7525433301925659,0.24089118838310242
60,1,1.0,41.482907144646894,25.316842882256758,16.14257536436382,26.6568660736084,14.974989891052246,41.631855964660645,16,0.5624887943267822,0.7635614275932312,0.24334841966629028
61,1,1.0,40.05429478695518,24.046031199003522,15.98223550696122,27.985294342041016,15.198587417602539,43.183881759643555,16,0.5677312016487122,0.7697141170501709,0.24469530582427979
62,1,1.0,40.51546217265882,24.31835355256733,16.166152276490863,27.72296142578125,15.051430702209473,42.77439212799072,16,0.5582221150398254,0.7658089399337769,0.24665582180023193
63,1,1.0,41.47144889831543,25.326570912411338,16.1261917917352,28.190319061279297,15.066957473754883,43.25727653503418,16,0.5594063997268677,0.766801655292511,0.2495242804288864
64,1,1.0,40.29783760873895,24.080150001927425,16.195135894574616,26.721105575561523,15.068392753601074,41.7894983291626,16,0.5637919306755066,0.7706037163734436,0.2490629255771637
65,1,1.0,40.60516618427477,24.682691222742985,15.90045660420468,28.02181625366211,14.7072114944458,42.72902774810791,16,0.5610511302947998,0.7729089260101318,0.2496875375509262
66,1,1.0,39.505052516334935,23.58819233743768,15.890043459440532,27.924665451049805,15.047791481018066,42.97245693206787,16,0.5625842809677124,0.7727400064468384,0.24999119341373444
67,1,1.0,38.73248270938271,22.773903495387028,15.929981532849764,24.919553756713867,14.780637741088867,39.700191497802734,16,0.5657240152359009,0.7790582776069641,0.2521835267543793
68,1,1.0,38.34576727214613,22.36347600033409,15.956430184213739,26.207923889160156,14.942060470581055,41.14998435974121,16,0.5619310736656189,0.7728376388549805,0.25137513875961304
69,1,1.0,38.600878966482064,22.72005608207301,15.85098181272808,23.46691131591797,14.61167049407959,38.07858180999756,16,0.5659268498420715,0.7793741226196289,0.2566342055797577
70,1,1.0,38.147897720336914,22.164444295983564,15.956100614447342,26.3477725982666,14.931619644165039,41.27939224243164,16,0.5652502179145813,0.7818021178245544,0.2560350298881531
71,1,1.0,37.95701297960783,22.168053953271162,15.761638666454115,25.7335147857666,14.940064430236816,40.67357921600342,16,0.5657809376716614,0.77651047706604,0.2528749406337738
72,1,1.0,38.605325397692226,22.682510777523643,15.899811368239554,23.401334762573242,14.970512390136719,38.37184715270996,16,0.5712935924530029,0.7903127670288086,0.2610861659049988
73,1,1.0,36.276693293922825,20.63569124121415,15.615331549393503,21.99460792541504,14.885214805603027,36.879822731018066,16,0.5624690651893616,0.7833182215690613,0.2597295641899109
74,1,1.0,36.730764188264544,20.775785546553763,15.928333207180625,24.47409439086914,14.992838859558105,39.466933250427246,16,0.5641300678253174,0.7793959379196167,0.2592846751213074
75,1,1.0,36.69742523996454,20.93862699207507,15.726033361334549,22.531383514404297,14.955891609191895,37.48727512359619,16,0.567512571811676,0.7878449559211731,0.26199713349342346
76,1,1.0,36.096312522888184,20.28871498609844,15.78318392603021,25.062585830688477,14.794822692871094,39.85740852355957,16,0.5647687315940857,0.7834506630897522,0.26124659180641174
77,1,1.0,36.65623594585218,20.92567795201352,15.702578720293547,24.415328979492188,14.659268379211426,39.07459735870361,16,0.564076840877533,0.7839351296424866,0.261297345161438
78,1,1.0,40.02813524948923,24.16270200829757,15.841955862547222,23.198143005371094,14.89765739440918,38.09580039978027,16,0.5596909523010254,0.7775453329086304,0.25977054238319397
79,1,1.0,35.59677465338456,19.885410183354427,15.68107143201326,24.066661834716797,14.921941757202148,38.988603591918945,16,0.5596070289611816,0.7812134623527527,0.262567937374115
80,1,1.0,36.37805878488641,20.648589033829538,15.702988072445518,23.72403907775879,14.825240135192871,38.54927921295166,16,0.5649381279945374,0.7855349779129028,0.26254066824913025
81,1,1.0,34.93533275001928,19.238911352659528,15.673714085629111,23.816020965576172,14.707669258117676,38.52369022369385,16,0.5657873749732971,0.7853871583938599,0.2653665840625763
82,1,1.0,34.346251136378235,18.720610367624385,15.598628445675498,21.58086395263672,14.594964981079102,36.17582893371582,16,0.5610151886940002,0.7836031913757324,0.26700475811958313
83,1,1.0,34.79093235417416,19.22099693197953,15.543578800402189,21.712907791137695,14.770142555236816,36.48305034637451,16,0.5653972029685974,0.7888544797897339,0.265317440032959
84,1,1.0,34.08291505512438,18.536586610894453,15.517001377908807,21.919933319091797,14.776482582092285,36.69641590118408,16,0.5683462023735046,0.7938626408576965,0.2683386206626892
85,1,1.0,35.93666648864746,20.222115868016292,15.685657902767783,22.456483840942383,14.690940856933594,37.14742469787598,16,0.5699224472045898,0.7913842797279358,0.2663935422897339
86,1,1.0,34.67260089673494,19.068427085876465,15.575770127145868,22.33894157409668,14.793371200561523,37.1323127746582,16,0.5663719773292542,0.7904258966445923,0.2695375680923462
87,1,1.0,33.74194004661158,18.132332613593654,15.580851153323525,20.643522262573242,14.807099342346191,35.450621604919434,16,0.5650441646575928,0.794223427772522,0.2727046608924866
88,1,1.0,33.91325112393028,18.306289497174713,15.580496788024902,22.160078048706055,14.591195106506348,36.7512731552124,16,0.5678439736366272,0.794788122177124,0.2716190814971924
89,1,1.0,33.52633340735184,18.09107853236951,15.410140188116776,23.396236419677734,14.538509368896484,37.93474578857422,16,0.5626072287559509,0.7954858541488647,0.2730552554130554
90,1,1.0,33.23316458651894,17.762833570179186,15.441964425538716,20.343183517456055,14.739275932312012,35.082459449768066,16,0.560088038444519,0.7924922108650208,0.2726200520992279
91,1,1.0,32.58140358171965,16.983588544945967,15.565918269910311,19.901657104492188,14.758600234985352,34.66025733947754,16,0.564480721950531,0.7924889922142029,0.2735743820667267
92,1,1.0,32.44679270292583,16.95930438292654,15.460945355264764,18.952178955078125,14.718377113342285,33.67055606842041,16,0.5683538913726807,0.8048624992370605,0.2782827913761139
93,1,1.0,32.999869898745885,17.51745221489354,15.4559746541475,21.700727462768555,14.59079360961914,36.291521072387695,16,0.5697547197341919,0.7983761429786682,0.27636903524398804
94,1,1.0,33.77437787306936,18.279029770901328,15.464804900319953,21.29104232788086,14.443129539489746,35.734171867370605,16,0.562394917011261,0.7935354709625244,0.2772577404975891
95,1,1.0,33.8260299783004,18.269739125904284,15.52188095293547,20.5352725982666,14.451024055480957,34.98629665374756,16,0.569709837436676,0.8049415349960327,0.279349148273468
96,1,1.0,31.873573905543278,16.406768623151276,15.438045024871826,19.93335723876953,14.641534805297852,34.57489204406738,16,0.5679324269294739,0.798708438873291,0.2766995131969452
97,1,1.0,33.162683286164935,17.73562298322979,15.39883626134772,20.3365478515625,14.542431831359863,34.87897968292236,16,0.5627732276916504,0.7927635312080383,0.276108056306839
98,1,1.0,31.414276725367497,16.12040286315115,15.257720445331774,18.646841049194336,14.502008438110352,33.14884948730469,16,0.569899320602417,0.8037412166595459,0.2800031304359436
99,1,1.0,30.19852492683812,14.91196100335372,15.258544244264302,19.31386375427246,14.70069694519043,34.01456069946289,16,0.573587954044342,0.8079251050949097,0.2821786105632782
100,1,1.0,30.706191163314017,15.455600311881618,15.216806888580322,18.6209774017334,14.743062019348145,33.36403942108154,16,0.5661740303039551,0.8008040189743042,0.27939850091934204
101,1,1.0,31.675689195331774,16.236988870721113,15.404454482229132,18.720184326171875,14.576403617858887,33.29658794403076,16,0.5636518001556396,0.8002321124076843,0.2837022542953491
102,1,1.0,30.308846021953382,14.959782600402832,15.31741179917988,18.28278923034668,14.436859130859375,32.719648361206055,16,0.5658698678016663,0.8049312233924866,0.28427815437316895
103,1,1.0,30.25033207943565,14.909836392653617,15.307626297599391,20.007793426513672,14.504565238952637,34.51235866546631,16,0.5663101673126221,0.8057281374931335,0.285916805267334
104,1,1.0,30.337372026945417,15.117789117913498,15.185145102049175,20.143632888793945,14.543234825134277,34.68686771392822,16,0.5748177170753479,0.8133247494697571,0.2845001518726349
105,1,1.0,30.799697072882402,15.233340915880705,15.530603885650635,18.299964904785156,14.537936210632324,32.83790111541748,16,0.5653272867202759,0.8012219071388245,0.2858313322067261
106,1,1.0,30.15181661906995,14.755721142417507,15.361578866055137,19.555583953857422,14.695743560791016,34.25132751464844,16,0.5629664659500122,0.8013561367988586,0.28647541999816895
107,1,1.0,31.188231719167607,15.92964674297132,15.226162684591193,18.736257553100586,14.547694206237793,33.28395175933838,16,0.5643522143363953,0.8044003844261169,0.28948384523391724
108,1,1.0,30.38450642635948,15.147268006676121,15.203763284181294,18.984657287597656,14.65501594543457,33.63967323303223,16,0.5664487481117249,0.809027910232544,0.28755876421928406
109,1,1.0,29.260334968566895,13.806909285093608,15.416887383711966,17.568077087402344,14.599701881408691,32.167778968811035,16,0.5615535974502563,0.8005873560905457,0.28947943449020386
110,1,1.0,29.815606719569157,14.417363267195853,15.368241310119629,18.154455184936523,14.663646697998047,32.81810188293457,16,0.5602737069129944,0.8023114204406738,0.2901621162891388
111,1,1.0,28.292019944441947,12.97986314171239,15.274118825008994,16.966583251953125,14.708084106445312,31.674667358398438,16,0.567427933216095,0.8086819648742676,0.29102519154548645
112,1,1.0,27.166186884829873,11.881419508080734,15.247764813272576,17.376079559326172,14.674811363220215,32.05089092254639,16,0.5636749863624573,0.8055678606033325,0.2884231507778168
113,1,1.0,29.457339738544665,14.085535049438477,15.344274395390562,19.104339599609375,14.529027938842773,33.63336753845215,16,0.5672937631607056,0.8092830777168274,0.28743818402290344
114,1,1.0,28.700625971743936,13.278790674711528,15.38890949048494,19.1647891998291,14.78213119506836,33.94692039489746,16,0.5674927830696106,0.8137797713279724,0.29162293672561646
115,1,1.0,30.55434096486945,15.235282094855057,15.278155828777113,19.43366813659668,14.627641677856445,34.061309814453125,16,0.5651838779449463,0.8081903457641602,0.2896157503128052
116,1,1.0,29.034489581459447,13.665334726634779,15.337529935334858,18.5997257232666,14.416070938110352,33.01579666137695,16,0.5637382864952087,0.8094815015792847,0.2947354018688202
117,1,1.0,28.186492116827715,12.86875695931284,15.273826699507865,17.463611602783203,14.62397289276123,32.087584495544434,16,0.5721510648727417,0.8198509812355042,0.29530251026153564
118,1,1.0,27.107177483408076,12.079956544073005,14.99382398003026,18.381492614746094,14.418859481811523,32.80035209655762,16,0.5552560687065125,0.803290843963623,0.2954128384590149
119,1,1.0,27.8788615276939,12.614711610894455,15.229107229333176,18.343124389648438,14.304719924926758,32.647844314575195,16,0.5655044913291931,0.8129176497459412,0.29578647017478943
0,2,0.05,300.64396355368876,300.0917916731401,10.915768162770705,,,,16,0.6734729409217834,0.7294861674308777,0.09204508364200592
1,2,0.1,138.32365296103737,135.58719877763227,27.364226644689385,,,,16,0.5855425596237183,0.6210199594497681,0.09299136698246002
2,2,0.15,111.10893128134988,106.2615198655562,32.31607112017545,,,,16,0.6169532537460327,0.6453920006752014,0.10180576890707016
3,2,0.2,98.17521251331677,92.51022807034579,28.324923515319824,,,,16,0.6008065342903137,0.6390216946601868,0.11383538693189621
4,2,0.25,88.31704555858265,81.43016763166948,27.547509713606402,,,,16,0.5735135674476624,0.6212069988250732,0.11766515672206879
5,2,0.3,81.68987482244319,73.50691318511963,27.276537244970147,,,,16,0.5677398443222046,0.6222906112670898,0.1208052709698677
6,2,0.35,76.6879584572532,67.35042363947088,26.67867101322521,,,,16,0.5634365677833557,0.6246352791786194,0.12547487020492554
7,2,0.4,71.40339088439941,61.157335714860395,25.615137447010387,,,,16,0.5622800588607788,0.6276888251304626,0.12905022501945496
8,2,0.45,68.77487789500843,57.88723746213046,24.19475724480369,,,,16,0.5658094882965088,0.6369767189025879,0.1336461305618286
9,2,0.5,67.61876028234309,55.807748447765,23.622023365714334,,,,16,0.5612411499023438,0.6377698183059692,0.13807697594165802
10,2,0.55,66.85509820417924,54.29278911243785,22.840562083504416,,,,16,0.5585238933563232,0.640034019947052,0.14231298863887787
11,2,0.6,66.56198753010143,53.30323332006281,22.09792249852961,,,,16,0.5618103742599487,0.6512198448181152,0.1487290859222412
12,2,0.65,66.15404475818981,52.15770487351851,21.5324764251709,,,,16,0.5680801272392273,0.6599356532096863,0.15257951617240906
13,2,0.7,64.51800415732644,49.91699626229026,20.856860160827637,,,,16,0.5648865103721619,0.6620231866836548,0.15931259095668793
14,2,0.75,62.58392533389005,47.60753761638295,19.96654475818981,,,,16,0.5679943561553955,0.6698141694068909,0.16230566799640656
15,2,0.8,61.459178404374555,45.793133215470746,19.579012697393242,,,,16,0.5670983195304871,0.6768143177032471,0.1656939536333084
16,2,0.85,62.916461511091754,46.6688587882302,19.112601453607734,,,,16,0.570907473564148,0.683907151222229,0.16896873712539673
17,2,0.9,62.62376672571356,45.99294939908114,18.476361101323906,,,,16,0.5724043846130371,0.6920072436332703,0.17535442113876343
18,2,0.95,61.775378313931554,44.82591698386452,17.838034629821777,,,,16,0.5767785906791687,0.699957013130188,0.17941516637802124
19,2,1.0,59.56537862257524,42.404336495832965,17.156342116269197,,,,16,0.5760719776153564,0.7018367648124695,0.18024475872516632
20,2,1.0,59.50582296198065,42.344321337613195,17.156767086549237,,,,16,0.5768311023712158,0.7078106999397278,0.1836884319782257
21,2,1.0,59.64990555156361,42.49741008064964,17.145125649192117,,,,16,0.5712746381759644,0.7029077410697937,0.18610942363739014
22,2,1.0,56.87986321882768,40.05781000310724,16.814498749646273,,,,16,0.5787394642829895,0.7121305465698242,0.18780632317066193
23,2,1.0,55.863279429349035,39.192061771046035,16.662964842536233,,,,16,0.5803366899490356,0.7153798341751099,0.1924489587545395
24,2,1.0,54.79669510234486,38.51149762760509,16.276759819550946,,,,16,0.5823186635971069,0.7226933836936951,0.1950070559978485
25,2,1.0,53.39462158896706,36.974051388827235,16.409200516614046,,,,16,0.5778293013572693,0.7165576815605164,0.19468756020069122
26,2,1.0,54.12167245691473,37.4870340607383,16.622223550623115,,,,16,0.5823714137077332,0.7299407720565796,0.2015349119901657
27,2,1.0,52.20593894611705,35.80427824367177,16.38965519991788,,,,16,0.5852404236793518,0.7332220077514648,0.20097362995147705
28,2,1.0,52.656225811351426,36.31879164955833,16.322386329824273,,,,16,0.5820921063423157,0.7336819767951965,0.20477153360843658
29,2,1.0,50.225329572504215,34.13138701698997,16.076418681578204,,,,16,0.5830267071723938,0.7370474338531494,0.20694679021835327
30,2,1.0,48.91947078704834,32.770113554867834,16.13356852531433,,,,16,0.5856016874313354,0.7415139079093933,0.20796506106853485
31,2,1.0,48.677757870067246,32.53776892748746,16.125228144905783,,,,16,0.5844265222549438,0.7441758513450623,0.21209701895713806
32,2,1.0,48.4013316414573,32.34928204796531,16.035940820520576,,,,16,0.5898413062095642,0.7507672905921936,0.21054226160049438
33,2,1.0,47.8815826069225,31.771004286679354,16.094617106697775,,,,16,0.5869181752204895,0.7521533370018005,0.2149273008108139
34,2,1.0,47.09725232557817,31.134262345053934,15.943276925520463,,,,16,0.5875663757324219,0.7558742761611938,0.21819768846035004
35,2,1.0,47.74412666667592,31.5268140706149,16.19843623854897,,,,16,0.5822691917419434,0.7548075318336487,0.21896834671497345
36,2,1.0,46.210060899907894,30.181582580913197,16.008541584014893,,,,16,0.5845797061920166,0.7590936422348022,0.22294317185878754
37,2,1.0,46.41083041104403,30.19747846776789,16.192674658515237,,,,16,0.5845674872398376,0.7670530676841736,0.2246093899011612
38,2,1.0,46.64654679731889,30.473388975316826,16.15061937678944,,,,16,0.5850789546966553,0.7631494402885437,0.22314904630184174
39,2,1.0,46.01572452891957,29.797137780623004,16.196129083633423,,,,16,0.5835827589035034,0.7606473565101624,0.22545015811920166
40,2,1.0,45.78813006661155,29.56826097315008,16.201610110022806,,,,16,0.5828002691268921,0.7595197558403015,0.22733822464942932
41,2,1.0,43.61284975572066,27.474797769026324,16.11137359792536,,,,16,0.5893456935882568,0.7684160470962524,0.22865475714206696
42,2,1.0,44.70664873990145,28.40157985687256,16.28616564924067,,,,16,0.5925132036209106,0.7803268432617188,0.23184116184711456
43,2,1.0,43.903228066184305,27.543855016881768,16.330416787754405,,,,16,0.5876624584197998,0.7771819829940796,0.23442047834396362
44,2,1.0,44.77735623446378,28.50091929869218,16.248849175193094,,,,16,0.5850681066513062,0.7755938172340393,0.23603834211826324
45,2,1.0,43.48519620028409,27.273114247755572,16.18784119866111,,,,16,0.5899951457977295,0.7745935320854187,0.23419970273971558
46,2,1.0,43.69505223360929,27.516235308213666,16.149646152149547,,,,16,0.5907820463180542,0.778089165687561,0.23562976717948914
47,2,1.0,42.785453362898394,26.581012379039418,16.178814476186577,,,,16,0.5955987572669983,0.7875151038169861,0.23917563259601593
48,2,1.0,42.5797041979703,26.3874812559648,16.16189046339555,,,,16,0.5970655083656311,0.7956840395927429,0.242207869887352
49,2,1.0,41.04735357111151,24.80956727808172,16.20699132572521,,,,16,0.5954393148422241,0.7920173406600952,0.2409530133008957
50,2,1.0,40.59364219145341,24.411511421203613,16.153267231854525,,,,16,0.5917582511901855,0.7901949286460876,0.2431671917438507
51,2,1.0,41.121519869024105,24.949820085005328,16.142853346737947,,,,16,0.5905928015708923,0.7916985154151917,0.24594858288764954
52,2,1.0,40.85981724478982,24.715842203660443,16.116201855919577,,,,16,0.5928389430046082,0.7944053411483765,0.2464672178030014
53,2,1.0,40.38787963173606,24.17827909643,16.18521079150113,,,,16,0.5861533284187317,0.7888273000717163,0.24962835013866425
54,2,1.0,41.35905075073242,25.048331000588156,16.282888629219748,,,,16,0.5912814736366272,0.7933735251426697,0.24711531400680542
55,2,1.0,40.59156183762984,24.168928146362305,16.393880757418547,,,,16,0.5897936820983887,0.7978314757347107,0.25137409567832947
56,2,1.0,39.50423101945357,23.395838434045967,16.079626820304178,,,,16,0.5876476168632507,0.7970080971717834,0.251939594745636
57,2,1.0,41.06549696488814,24.791114373640582,16.24588738788258,,,,16,0.5930482149124146,0.801987886428833,0.25223806500434875
58,2,1.0,40.29838718067516,23.990811001170766,16.281351371244952,,,,16,0.5916212797164917,0.8009001016616821,0.25457900762557983
59,2,1.0,41.02377848191695,24.670327359979805,16.320220947265625,,,,16,0.5933405756950378,0.8055437207221985,0.2570510804653168
60,2,1.0,39.23301007530906,22.965588201176036,16.238730452277444,,,,16,0.5940909385681152,0.8060705065727234,0.2567933201789856
61,2,1.0,38.214140848679975,21.981059637936678,16.202268860556863,,,,16,0.5941199064254761,0.8074440956115723,0.25698694586753845
62,2,1.0,39.40017370744185,22.914326602762397,16.456705483523283,,,,16,0.5911804437637329,0.8092740774154663,0.2569575309753418
63,2,1.0,37.932139136574484,21.7244761206887,16.17975260994651,,,,16,0.5915755033493042,0.8111041784286499,0.2612096965312958
64,2,1.0,38.264038519425824,22.017367601394653,16.21589487249201,,,,16,0.5949053168296814,0.8187017440795898,0.2633194327354431
65,2,1.0,37.431221745230935,21.248016595840454,16.156447172164917,,,,16,0.5901445746421814,0.8066129088401794,0.25991156697273254
66,2,1.0,37.51009750366211,21.35131211714311,16.131683978167448,,,,16,0.5907687544822693,0.8097342252731323,0.26254814863204956
67,2,1.0,37.68816276030107,21.39942695877769,16.260331478985872,,,,16,0.5858744978904724,0.8043087720870972,0.2605806887149811
68,2,1.0,37.568931406194515,21.35551929473877,16.188168092207476,,,,16,0.589247465133667,0.8079929947853088,0.26487088203430176
69,2,1.0,37.119676156477496,20.924852913076226,16.163751927289095,,,,16,0.5931293964385986,0.8117732405662537,0.2630395293235779
70,2,1.0,37.107341679659754,20.987462628971446,16.08959128639915,,,,16,0.5876839756965637,0.8093088865280151,0.2661483585834503
71,2,1.0,36.48377917029641,20.247287815267388,16.213652285662565,,,,16,0.5894092321395874,0.8109453916549683,0.26378902792930603
72,2,1.0,36.75588716160167,20.49527714469216,16.236708402633667,,,,16,0.586760938167572,0.8101000785827637,0.26727330684661865
73,2,1.0,37.344618883999914,21.237121798775412,16.07773460041393,,,,16,0.5901593565940857,0.8138606548309326,0.26703348755836487
74,2,1.0,36.30011926997792,20.174404859542847,16.102822737260297,,,,16,0.5866739153862,0.8101553916931152,0.2661208212375641
75,2,1.0,36.69474450024691,20.773647503419355,15.893605795773594,,,,16,0.5886712670326233,0.8099885582923889,0.2677326500415802
76,2,1.0,37.0006067536094,20.823175820437346,16.15534169023687,,,,16,0.5838131308555603,0.8072602152824402,0.26899611949920654
77,2,1.0,35.62367235530507,19.475708679719403,16.121291572397407,,,,16,0.5811119079589844,0.8069145679473877,0.27075809240341187
78,2,1.0,35.20684389634566,19.18379434672269,15.997713587500833,,,,16,0.5840299129486084,0.8123072981834412,0.2702251672744751
79,2,1.0,34.98358024250377,18.9956796169281,15.96127252145247,,,,16,0.5841094255447388,0.8127878308296204,0.272478312253952
80,2,1.0,35.603686419400304,19.75892873243852,15.82008363983848,,,,16,0.5873363614082336,0.8173374533653259,0.27305471897125244
81,2,1.0,34.23304657502608,18.323124842210248,15.88504899631847,,,,16,0.5829674005508423,0.8139474391937256,0.27470123767852783
82,2,1.0,35.85602877356789,19.91205206784335,15.917521303350275,,,,16,0.5878220796585083,0.818280041217804,0.2742501497268677
83,2,1.0,34.96187595887618,19.16692491011186,15.776130481199784,,,,16,0.5849518775939941,0.8177031874656677,0.27775976061820984
84,2,1.0,34.311846949837424,18.443313100121237,15.841556180607189,,,,16,0.5840665698051453,0.8147118091583252,0.27907952666282654
85,2,1.0,35.10167269273238,19.20336348360235,15.874006228013473,,,,16,0.5839797854423523,0.8203687071800232,0.281002938747406
86,2,1.0,34.83980109474876,18.95878074385903,15.857337041334672,,,,16,0.5804547071456909,0.8141465783119202,0.2802204191684723
87,2,1.0,34.551456624811344,18.764653942801736,15.764706351540305,,,,16,0.5841703414916992,0.8204524517059326,0.283274382352829
88,2,1.0,33.49576763673262,17.817067514766347,15.653448538346725,,,,16,0.5842286944389343,0.8166359663009644,0.2823238670825958
89,2,1.0,35.2308180548928,19.450619805942882,15.756199663335627,,,,16,0.5754241347312927,0.811730682849884,0.2794412076473236
90,2,1.0,32.03917230259288,16.400234157388862,15.608911839398472,,,,16,0.5709734559059143,0.8024958372116089,0.2796280086040497
91,2,1.0,33.46241690895774,17.819513776085593,15.626093170859598,,,,16,0.5801752209663391,0.826705276966095,0.2840074598789215
92,2,1.0,34.29558918692849,18.55749453197826,15.710064866326071,,,,16,0.5781071782112122,0.818632185459137,0.286381334066391
93,2,1.0,33.08539667996493,17.537990309975363,15.527292403307827,,,,16,0.5823838710784912,0.818943440914154,0.2862030565738678
94,2,1.0,33.48521609739824,17.889450333335184,15.574797803705389,,,,16,0.5695504546165466,0.8097334504127502,0.288769006729126
95,2,1.0,32.290810108184814,16.850427920168098,15.416023341092197,,,,16,0.5788580775260925,0.8209660053253174,0.28915688395500183
96,2,1.0,32.135309739546344,16.68494975566864,15.422543569044633,,,,16,0.5737164616584778,0.8146461844444275,0.2891005873680115
97,2,1.0,31.515030687505547,15.92009926926006,15.57504467530684,,,,16,0.5643141269683838,0.8031542897224426,0.28669658303260803
98,2,1.0,31.83386906710538,16.445376417853616,15.366933064027267,,,,16,0.5768592357635498,0.8162438869476318,0.2890967130661011
99,2,1.0,31.807605439966377,16.4735482822765,15.308266856453635,,,,16,0.5749860405921936,0.8187938928604126,0.2915545403957367
100,2,1.0,31.244573419744317,15.79794944416393,15.428731788288463,,,,16,0.5664088726043701,0.8097702860832214,0.2920370399951935
101,2,1.0,31.512287963520397,16.144179452549327,15.344919833269985,,,,16,0.572029709815979,0.8207818865776062,0.2942207157611847
102,2,1.0,32.16732740402222,16.546689434485003,15.596285213123668,,,,16,0.5679399967193604,0.8139411807060242,0.2925037741661072
103,2,1.0,31.68919710679488,16.24792368845506,15.414637608961625,,,,16,0.5740071535110474,0.8181314468383789,0.2933327853679657
104,2,1.0,31.854557557539508,16.458656679500233,15.374144229021939,,,,16,0.5782502293586731,0.821283221244812,0.2931622862815857
105,2,1.0,32.94561147689819,17.59960220076821,15.330363512039185,,,,16,0.5731587409973145,0.8171250820159912,0.29467546939849854
106,2,1.0,31.477112033150412,16.109535163099114,15.342945163900202,,,,16,0.5727331042289734,0.8196051120758057,0.29581212997436523
107,2,1.0,33.08552863381126,17.746868978847157,15.313183307647705,,,,16,0.5749064683914185,0.8252817988395691,0.2991637587547302
108,2,1.0,31.160508329218086,15.805147647857666,15.336926850405606,,,,16,0.5830891728401184,0.8324120044708252,0.30105718970298767
109,2,1.0,29.69194390557029,14.56053842197765,15.108570380644364,,,,16,0.5790637731552124,0.8285002708435059,0.29951608180999756
110,2,1.0,30.63409878990867,15.369552525607022,15.246804909272628,,,,16,0.5813727974891663,0.8306644558906555,0.29956841468811035
111,2,1.0,30.802313631231133,15.462550054896962,15.319475238973444,,,,16,0.5788900852203369,0.8340429663658142,0.3032743036746979
