epoca,perdida,perdida_val,perdida_val_calma,perdida_val_crisis,lr
1,1.694087608864433,1.4757912158966064,1.2223420143127441,1.8895190954208374,0.0009984894935292324
2,1.3305347122644122,1.2782108783721924,1.0706374645233154,1.617051601409912,0.0009939672868916158
3,1.2572516548006158,1.218674898147583,1.0189831256866455,1.544649600982666,0.0009864612609948586
4,1.1960131557364213,1.1714518070220947,0.974141001701355,1.4935401678085327,0.0009760176929846203
5,1.1714035837273848,1.1421409845352173,0.9513260722160339,1.4536255598068237,0.0009627009709305255
6,1.1514687161696584,1.1225661039352417,0.933955729007721,1.4304519891738892,0.0009465931968522954
7,1.1247930181653876,1.1087549924850464,0.9234863519668579,1.4111855030059814,0.0009277936805335003
8,1.108646516737185,1.0992140769958496,0.9165884852409363,1.397330403327942,0.0009064183272437198
9,1.1264038681983948,1.0903160572052002,0.9102747440338135,1.3842136859893799,0.0008825989231440111
10,1.0874354980493848,1.0821064710617065,0.9042643904685974,1.3724143505096436,0.000856482322781404
11,1.0806368965851634,1.0776032209396362,0.8998329639434814,1.3677937984466553,0.000828229543681786
12,1.0870198278050673,1.072446584701538,0.8952637910842896,1.361678123474121,0.0007980147736233082
13,1.066015358033933,1.0679668188095093,0.8907157182693481,1.3573098182678223,0.0007660242967108113
14,1.065800931892897,1.0641815662384033,0.8869084715843201,1.3535603284835815,0.0007324553448723745
15,1.058267127526434,1.0606796741485596,0.883629322052002,1.349695086479187,0.0006975148818588906
16,1.045521743987736,1.057568073272705,0.8804751038551331,1.3466532230377197,0.000661418327243721
17,1.0379354483202885,1.0548709630966187,0.8778523802757263,1.343834400177002,0.0006243882282893905
18,1.0341571867465973,1.0515496730804443,0.8747242093086243,1.3401979207992554,0.0005866528878697102
19,1.0367979893558903,1.0494972467422485,0.8724005818367004,1.3385882377624512,0.0005484449569066415
20,1.0304922963443555,1.0473284721374512,0.8695676922798157,1.3375035524368286,0.0005099999999999974
21,1.0365344160481502,1.0453678369522095,0.8669348955154419,1.3366401195526123,0.0004715550430933541
22,1.0205063678716357,1.0437148809432983,0.8655627965927124,1.3345286846160889,0.00043334711213028514
23,1.0093308938177008,1.042207956314087,0.8633795976638794,1.3341257572174072,0.00039561177171060485
24,1.0090332893948806,1.0408533811569214,0.8616897463798523,1.3333183526992798,0.0003585816727562745
25,1.0100206920975132,1.0398366451263428,0.8600776195526123,1.3332734107971191,0.0003224851181411048
26,1.0014937488656295,1.0391994714736938,0.8588247895240784,1.3336414098739624,0.00028754465512762097
27,1.0048464505296004,1.038498878479004,0.8575617074966431,1.333858847618103,0.0002539757032891842
28,0.9788548930695182,1.03829026222229,0.8566502332687378,1.3347976207733154,0.00022198522637668761
29,0.9917028656131343,1.0378683805465698,0.8558648824691772,1.3349692821502686,0.0001917704563182096
30,0.9905878932852494,1.0378453731536865,0.8549525737762451,1.336397647857666,0.0001635176772185913
31,0.9769658367884787,1.037819266319275,0.854332447052002,1.3373414278030396,0.00013740107685598454
32,0.9850306557981592,1.037651538848877,0.8536993265151978,1.3379336595535278,0.00011358167275627573
33,0.9905339840211367,1.0376883745193481,0.8530855774879456,1.3390322923660278,9.220631946649475e-05
34,0.987741525235929,1.037691593170166,0.8524875640869141,1.3400169610977173,7.340680314769979e-05
35,0.9846932056703066,1.0375908613204956,0.8520683646202087,1.3404362201690674,5.7299029069469604e-05
36,0.9850454597096694,1.0376484394073486,0.8518016338348389,1.3410230875015259,4.398230701537489e-05
37,0.9827557268895601,1.0377649068832397,0.8514811992645264,1.3418525457382202,3.3538739005138574e-05
38,0.9781074774892706,1.0379160642623901,0.8512606620788574,1.3426107168197632,2.6032713108382576e-05
39,0.9806220468721891,1.0378450155258179,0.8509373664855957,1.3429511785507202,2.151050647076731e-05
40,0.9702903895001662,1.037779450416565,0.8506560921669006,1.3432378768920898,2e-05
