regimen,capa,n_muestras,n_componentes,reduccion_info,reduccion_acumulada
0,1,1898,64,0.2063233285983832,0.2063233285983832
0,2,1898,64,0.19843216821130655,0.40475549680968975
0,3,1898,64,0.17660156395395168,0.5813570607636415
1,1,619,64,1.1141826492826177,1.1141826492826177
1,2,619,64,0.995202185459331,2.109384834741949
1,3,619,64,1.0539514554710598,3.1633362902130084
1,4,619,64,0.8675632517136236,4.030899541926632
1,5,619,64,0.7771274830413409,4.8080270249679735
1,6,619,64,0.7926302996194415,5.600657324587415
1,7,619,64,1.0597827802338196,6.660440104821234
1,8,619,64,0.9623792220442038,7.622819326865438
