generador,sd modeladas calma,sd modeladas crisis,sd ret calma,sd ret crisis,sd vol_z crisis,media ret calma (pb),media ret crisis (pb),separación vol,drawdown mín.: mediana (%),drawdown mín.: peor (%),% tray. peores que el peor real
jitter,0.9196134898085281,1.0347871961666484,0.9196134898085281,1.0774314219801593,1.0031779094460656,7.768779469431335,-20.501213466952944,2.588983358235762,-67.3405100702553,-85.78700424556448,81.0
bootstrap_regimen,0.973896111086526,1.0168965052519188,0.9493579352988846,1.0268579051267686,0.9095789719759235,8.147078180848602,-19.081194208913,2.390150902502082,-64.27008290745762,-85.39225056244065,70.0
gaussiano_regimen,1.0014911627222225,0.9974976616539336,1.0028280818962094,0.9909320988336101,0.3233557560046809,10.08226127118945,-18.35012245723262,2.183546096890885,-66.78246499870926,-85.82611769010161,78.0
var_regimen,0.8699758627837222,0.9950399211034151,0.9826883461990907,0.9976896362924434,0.5067881542856559,10.21329611092019,-15.609978932755064,2.2434924392093283,-57.91849384948578,-89.09298399928774,52.0
garch_regimen,0.9958230551884052,0.8917381381800003,0.872759140673069,0.8900991889068549,0.7776388220139314,7.026692039614942,-14.2815725041817,2.2536628948251733,-58.44358320820399,-95.90734042750036,55.00000000000001
rbig,0.9619033651968162,1.0313143837654652,0.9554934513257025,1.0361359111601807,0.6289811111319263,5.832685485261581,-11.12639430745458,2.39626015444937,-56.171241986232545,-89.23309260886705,49.0
flow_matching,0.9668354808473321,1.0572941495126398,0.9860773095862269,1.0269376404528523,0.7525442880846118,8.168307695133963,-13.39362598950286,2.301325565108608,-58.642985769580115,-89.63813463789076,56.00000000000001
difusion,1.009967432215736,0.7665883267356403,1.1118429298845198,0.7573222046437893,0.5752936928424779,5.609984984242042,-4.456361815994636,1.5051584005151428,-27.50831580770309,-91.47595676479419,8.0
cvae,0.9784841439319352,0.7941072190107282,0.9864198403273624,0.7941072190107282,0.522869935626106,6.4487730831424726,-6.7672146268959015,1.778944095575686,-46.432725896984806,-83.7186670417589,28.000000000000004
cgan,1.1931301649276485,1.4050951297025025,0.5978461493843035,0.32268034337686224,0.15514693306556554,6.068445647904384,-4.67628823106497,1.1926912389891013,-25.139152413710114,-55.03052997900363,0.0
