generador,autocorr. 1 día persistentes,autocorr. 1 día |ret|,días sin cambio mensuales (%),drawdown mín.: mediana (%),drawdown mín.: peor (%),% tray. peores que el peor real,% crisis,tray. sin crisis
REAL (train),0.9979401063104616,0.18821997415316047,95.23344576602165,-36.061641451132346,-49.14694789846552,,19.623679772787785,
jitter,0.9664968113607356,0.16697052633606238,0.0,-38.71375538884811,-92.93631208542246,32.0,16.526587301587302,14.0
bootstrap_regimen,0.9483687201056409,0.17633060669510153,90.50099245732433,-38.553318307803444,-81.31005834575006,33.0,16.526587301587302,14.0
gaussiano_regimen,0.031633746025175234,0.04334650290553714,0.0,-42.33458682414082,-89.88195823262086,33.0,16.526587301587302,14.0
var_regimen,0.9966943185961167,0.029941993425029886,0.0,-43.93560339480437,-93.97611846321068,47.0,16.526587301587302,14.0
garch_regimen,0.9969907204296916,0.2254826069608301,0.0,-39.224443636344496,-89.22535129132967,31.0,16.526587301587302,14.0
rbig,0.9926584366108265,0.05237675892110368,0.028847426227338893,-36.76401450408319,-83.57668092154134,36.0,16.526587301587302,14.0
flow_matching,0.9963994638201726,0.11879999533398058,0.005954743946010322,-41.551204638722744,-93.86029045524499,40.0,16.526587301587302,14.0
difusion,0.9965415234139664,0.08504780508438788,0.02104009527590314,-30.340634473179477,-75.9825739921921,18.0,16.526587301587302,14.0
cvae,0.9922077146112102,0.08290684713730351,0.0,-39.74598770522883,-90.62414462920903,36.0,16.526587301587302,14.0
cgan,0.9975770945798988,0.08800187688254349,0.0,-35.42084707316537,-78.99042678399668,28.999999999999996,16.526587301587302,14.0
