generador,sd modeladas calma (mediana),mín. calma,máx. calma,sd modeladas crisis (mediana),mín. crisis,máx. crisis,sd ret calma,sd ret crisis,sd vol_z calma,sd vol_z crisis,sd momentum calma,sd momentum crisis,sd drawdown calma,sd drawdown crisis,media ret calma (pb),media ret crisis (pb),error medias calma,error medias crisis,separación vol crisis/calma
REAL (train),1.0,1.0,1.0,1.0,1.0,1.0,1.0,1.0,1.0,1.0,1.0,1.0,1.0,1.0,6.806694755750194,-14.274061540337918,0.0,0.0,1.5432873891551522
jitter,0.9566392536809902,0.9367849183344997,1.0136073740014506,1.0011363840077154,0.9842207975514004,1.0290366968165947,0.9367849183344997,1.0051367164407434,0.8702128196812647,1.0257317091844225,1.0415408281378338,1.6138199990785416,1.6934277538933726,2.060987045430113,6.084370585087068,-13.783636687646318,0.028970243094091946,0.033462319119666815,1.6558921781295395
bootstrap_regimen,1.0014637889562084,0.9751499421827762,1.0103638928357255,0.9882402189315129,0.9666139968071332,1.0137257823551777,0.9753481260888013,0.9899590136632369,0.9237114502499341,0.9832914232134071,1.1025132343525175,1.6107057070811097,1.6888926880572062,1.9772421251386292,6.129561679481713,-12.966729524617891,0.008014508567777794,0.02287198882078488,1.5664061074208162
gaussiano_regimen,1.0008156399639825,0.9977196236341701,1.0027240357249105,0.9979280981574563,0.996133463692766,1.0027654006628959,1.0027240357249105,0.9977437887535439,0.42673763939962084,0.3427372320517487,1.2052202358217856,1.74217022209841,1.6687636896273454,2.0601165629336773,6.944444446943753,-13.92406165397384,0.0013143282411383838,0.0024560734036215177,1.5356223167404557
var_regimen,0.9933202282476626,0.9410551066600509,1.0112490598036126,1.0042490907361592,0.8108432874735384,1.034903670424991,0.9937719266203892,1.005011053198378,0.6615227314134424,0.7767941702509252,1.4211787268348135,2.1925060306645823,2.0320449837238117,2.4402124803198513,7.715953446880143,-17.94874268857573,0.09717632965370199,0.10371762315340166,1.5607412956786704
garch_regimen,0.9375317753570203,0.9266235555873241,1.002301857382067,0.9696703461389886,0.8666278416170152,1.059656251438093,0.9381760990036159,0.970861042986301,1.0977672479042628,0.9605192678324449,1.057991916382119,1.4721440662770928,1.466078915611283,1.7227577555150373,5.860044547364902,-11.112290816352235,0.09250507502123072,0.23148629317811673,1.5970536937085218
rbig,1.0054062472210878,0.977053969934276,1.1304518994686727,1.0008990811918907,0.9142797117813368,1.0447865561192982,0.9791566402242082,1.0054429132242007,0.7037079296906668,0.9002004168282058,1.1775297771365247,1.694939062832443,1.60285765093135,1.8348203382298436,6.237549275907024,-12.468808906479426,0.08930741894048887,0.19273964407751953,1.5847182205076196
flow_matching,0.928707262759737,0.8841114674517746,0.9676670386844447,0.9236261577731568,0.856152829975083,1.1488913365816364,0.9676670386844447,1.1488913365816364,0.7800676781809162,0.9873670408568608,1.2642200313061094,1.9838235977189995,2.0794917578365038,2.30725168740943,6.562664184368179,-18.03443588434743,0.06824152053870276,0.1264718460320248,1.832313637205786
difusion,1.1128533335567976,1.0027797451316713,1.1832537056764276,0.964289780289201,0.723996773878685,1.0958963901328966,1.0193404707664402,0.9296669355543039,0.7755993015277214,0.6804438554521988,1.0603574573757206,1.3351842415901025,1.2602907854966658,1.608839645810189,5.5541602971144854,-7.505653426628094,0.16684535648956092,0.12575913332138905,1.407521136364469
cvae,1.165691648750483,0.8741644966588029,1.3203089680560094,1.0333332920371692,0.7533277582573799,1.2011803728729835,1.155246864473011,1.0692499418372066,0.9844101957173272,0.7421083283897301,1.2435900462612313,1.7361203641601706,2.0914197944769866,2.1886928027995443,4.719098443183458,-13.697955516300299,0.20708522264601517,0.31470987757829455,1.42840461362775
cgan,1.0637983959252337,0.8707450797335611,2.5636770023264144,1.0079631466070393,0.8562372120312571,1.7719851982055546,1.036987671243645,0.902570867261877,0.8347948692476138,0.5743199317191281,1.1582882127464025,1.4841870629777627,1.390747557098138,1.8248205869098042,6.989291970843234,-11.226990861208005,0.09119866073146253,0.1963120945262907,1.3432428136716095
