pista,generador,modo,familia,finito,frac_crisis,sd_mod_calma,sd_mod_min_calma,sd_mod_max_calma,sd_ret_calma,sd_volz_calma,sd_mom_calma,sd_dd_calma,ret_calma_pb,err_media_calma,sd_mod_crisis,sd_mod_min_crisis,sd_mod_max_crisis,sd_ret_crisis,sd_volz_crisis,sd_mom_crisis,sd_dd_crisis,ret_crisis_pb,err_media_crisis,sep_vol,sep_volz,acf1_pers,acf1_abs_ret,sin_cambio,dd_mediana,dd_peor,ajuste_s,muestreo_simulada_s,muestreo_impuesta_s,regimen_respetado,cadena_compartida,fechas_y_columnas,reproducible,control_coincide,n_sin_crisis,pct_supera_real,rec_varianza,rec_mercado,rec_nivel,rec_coordenadas,n_una_clase
A,REAL (train),simulada,—,True,0.19623679772787786,1.0,1.0,1.0,1.0,1.0,1.0,1.0,6.806694755750194,0.0,1.0,1.0,1.0,1.0,1.0,1.0,1.0,-14.274061540337918,0.0,1.5432873891551522,0.4217805546130181,0.9979401063104616,0.18821997415316047,0.9523344576602165,-0.3606164145113234,-0.4914694789846552,,,,,,,,,,,,,,,
A,jitter,simulada,parametricos,True,0.165265873015873,0.9566392536809902,0.9367849183344997,1.0136073740014506,0.9367849183344997,0.8702128196812647,1.0415408281378338,1.6934277538933726,6.084370585087068,0.028970243094091946,1.0011363840077154,0.9842207975514004,1.0290366968165947,1.0051367164407434,1.0257317091844225,1.6138199990785416,2.060987045430113,-13.783636687646318,0.033462319119666815,1.6558921781295395,0.5470514676722386,0.9664968113607356,0.16697052633606238,0.0,-0.3871375538884811,-0.9293631208542246,0.001948899996932596,0.8753151999990223,0.8859711000040988,True,True,True,True,True,14.0,32.0,,,,,14.0
A,jitter,impuesta,parametricos,True,0.225,0.9856144618540177,0.9441518725268102,1.0084052160330572,0.9441518725268102,0.9026033767310392,1.1601747210768578,1.8718679194149568,6.0628742432924305,0.013139702607738698,0.9980901967257931,0.9555899012177738,1.0164151309580673,1.0120176929840545,1.0173397061330334,1.6315355218933132,1.7131879346197192,-13.061054983665237,0.03704555019146581,1.6542191872206788,0.5788340200469596,0.9667727558596835,0.19206224847716574,0.0,-0.5345942172499487,-0.7893052645237116,0.001948899996932596,0.8753151999990223,0.8859711000040988,True,True,True,True,True,0.0,67.0,,,,,0.0
A,bootstrap_regimen,simulada,parametricos,True,0.165265873015873,1.0014637889562084,0.9751499421827762,1.0103638928357255,0.9753481260888013,0.9237114502499341,1.1025132343525175,1.6888926880572062,6.129561679481713,0.008014508567777794,0.9882402189315129,0.9666139968071332,1.0137257823551777,0.9899590136632369,0.9832914232134071,1.6107057070811097,1.9772421251386292,-12.966729524617891,0.02287198882078488,1.5664061074208162,0.48929403067015986,0.9483687201056409,0.17633060669510153,0.9050099245732434,-0.3855331830780344,-0.8131005834575007,0.0008537999965483323,0.9319440000035684,0.7990256999983103,True,True,True,True,True,14.0,33.0,,,,,14.0
A,bootstrap_regimen,impuesta,parametricos,True,0.225,0.991871815540035,0.9719416102701972,1.0017232725247152,0.9724979014346087,0.9058717653676626,1.1562301637901196,1.9347855467342328,6.419673122098273,0.007073827254152325,0.9972537768201256,0.9884028054792388,1.0084986113751502,0.9884028054792388,0.9722232294294051,1.7421653337929082,1.7737666481446799,-13.45591550148159,0.0209975628421057,1.5685273797007266,0.5212877819199706,0.9476056031503733,0.18828664819771837,0.9035688765383089,-0.534190807710108,-0.7933279322856661,0.0008537999965483323,0.9319440000035684,0.7990256999983103,True,True,True,True,True,0.0,63.0,,,,,0.0
A,gaussiano_regimen,simulada,parametricos,True,0.165265873015873,1.0008156399639825,0.9977196236341701,1.0027240357249105,1.0027240357249105,0.42673763939962084,1.2052202358217856,1.6687636896273454,6.944444446943753,0.0013143282411383838,0.9979280981574563,0.996133463692766,1.0027654006628959,0.9977437887535439,0.3427372320517487,1.74217022209841,2.0601165629336773,-13.92406165397384,0.0024560734036215177,1.5356223167404557,0.6336403681486596,0.031633746025175234,0.04334650290553714,0.0,-0.42334586824140824,-0.8988195823262086,0.5481863000022713,1.0109731999982614,0.8940823000011733,True,True,True,True,True,14.0,33.0,,,,,14.0
A,gaussiano_regimen,impuesta,parametricos,True,0.225,1.000065247829145,0.9969793245457319,1.0034301676010635,1.0000629854090126,0.43225293043662394,1.2548702610768376,2.0386035853964946,6.717898845491186,0.0018141443990929696,0.9997664860616811,0.9958271465046502,1.0044533956456438,1.0000865879800482,0.3426639329981012,1.8452388766444756,1.8390123368582567,-13.988407691673455,0.0023875736828592796,1.5433238124112494,0.6543291883922842,0.04935523849623532,0.06278628783684896,0.0,-0.5781769396000545,-0.8318066144812188,0.5481863000022713,1.0109731999982614,0.8940823000011733,True,True,True,True,True,0.0,72.0,,,,,0.0
A,var_regimen,simulada,parametricos,True,0.165265873015873,0.9933202282476626,0.9410551066600509,1.0112490598036126,0.9937719266203892,0.6615227314134424,1.4211787268348135,2.0320449837238117,7.715953446880143,0.09717632965370199,1.0042490907361592,0.8108432874735384,1.034903670424991,1.005011053198378,0.7767941702509252,2.1925060306645823,2.4402124803198513,-17.94874268857573,0.10371762315340166,1.5607412956786704,0.550436818391925,0.9966943185961167,0.029941993425029886,0.0,-0.4393560339480437,-0.9397611846321068,0.004390499998407904,1.0014838999995845,0.8460427000027266,True,True,True,True,True,14.0,47.0,,,,,14.0
A,var_regimen,impuesta,parametricos,True,0.225,0.9857694060640276,0.8104556923162418,0.998146401906077,0.998146401906077,0.6575408563023168,1.4357574378796754,2.214430489124838,8.372449488511881,0.1301636033792564,1.0055228124092899,0.8271425205864198,1.0275320009259645,1.0121680324250453,0.8055608343023936,2.1507840269447693,2.0679854157380637,-16.87802373310572,0.08099554424575126,1.5649669799586594,0.5696933837452343,0.9963302745934769,0.04456440557609743,0.0,-0.6261329630948202,-0.8701980943689037,0.004390499998407904,1.0014838999995845,0.8460427000027266,True,True,True,True,True,0.0,80.0,,,,,0.0
A,garch_regimen,simulada,parametricos,True,0.165265873015873,0.9375317753570203,0.9266235555873241,1.002301857382067,0.9381760990036159,1.0977672479042628,1.057991916382119,1.466078915611283,5.860044547364902,0.09250507502123072,0.9696703461389886,0.8666278416170152,1.059656251438093,0.970861042986301,0.9605192678324449,1.4721440662770928,1.7227577555150373,-11.112290816352235,0.23148629317811673,1.5970536937085218,0.5600714997658762,0.9969907204296916,0.2254826069608301,0.0,-0.39224443636344497,-0.8922535129132967,2.249706700000388,1.11733909999748,1.0428395999988425,True,True,True,True,True,14.0,31.0,0.0010833333333333333,0.0,3.1746031746031746e-06,,14.0
A,garch_regimen,impuesta,parametricos,True,0.225,0.9483676171810307,0.896960255546409,1.0071025489257648,0.949560915527634,1.1127796073890712,1.1454552709386276,1.8830460355672027,5.8269558699759205,0.13864396932709266,1.0033522781436017,0.8344130857378594,1.05365049964443,1.0064204624404878,0.989886675218571,1.7056113545806313,1.7425427709281525,-12.211083142701787,0.18279882379486614,1.6356991768232698,0.623206236134092,0.9967342060777958,0.24008456384084698,0.0,-0.5064805792115024,-0.8601188121717767,2.249706700000388,1.11733909999748,1.0428395999988425,True,True,True,True,True,0.0,52.0,0.0011706349206349206,0.0,1.5873015873015873e-06,,0.0
A,rbig,simulada,parametricos,True,0.165265873015873,1.0054062472210878,0.977053969934276,1.1304518994686727,0.9791566402242082,0.7037079296906668,1.1775297771365247,1.60285765093135,6.237549275907024,0.08930741894048887,1.0008990811918907,0.9142797117813368,1.0447865561192982,1.0054429132242007,0.9002004168282058,1.694939062832443,1.8348203382298436,-12.468808906479426,0.19273964407751953,1.5847182205076196,0.5400499172424853,0.9926584366108265,0.05237675892110368,0.0002884742622733889,-0.3676401450408319,-0.8357668092154134,1.9577340999967419,1.973710199999914,1.61310969999613,True,True,True,True,True,14.0,36.0,,,,,14.0
A,rbig,impuesta,parametricos,True,0.225,1.0029080851683936,0.9818974119105935,1.0961910811761857,0.9845340605905855,0.749086911776628,1.2335267760557387,1.864632602404964,6.538202299043406,0.12802522789463,0.99756769412361,0.930029741612437,1.0335865179910237,1.0335865179910237,0.979867206893476,1.6659701665845077,1.7218059280592914,-12.683158409002507,0.18394457562411157,1.6201786232357243,0.5627970474648837,0.9925167429048732,0.06044954335778643,0.00012306470821754663,-0.5410103568449843,-0.8068501189807886,1.9577340999967419,1.973710199999914,1.61310969999613,True,True,True,True,True,0.0,63.0,,,,,0.0
A,flow_matching,simulada,neuronales,True,0.165265873015873,0.928707262759737,0.8841114674517746,0.9676670386844447,0.9676670386844447,0.7800676781809162,1.2642200313061094,2.0794917578365038,6.562664184368179,0.06824152053870276,0.9236261577731568,0.856152829975083,1.1488913365816364,1.1488913365816364,0.9873670408568608,1.9838235977189995,2.30725168740943,-18.03443588434743,0.1264718460320248,1.832313637205786,0.7791821252123893,0.9963994638201726,0.11879999533398058,5.954743946010322e-05,-0.41551204638722744,-0.9386029045524499,49.30559060000087,17.521894699995755,17.662548800006334,True,True,True,True,True,14.0,40.0,,,,5.555555555555556e-05,14.0
A,flow_matching,impuesta,neuronales,True,0.225,0.9394653561541544,0.8478092573043171,0.9739031975714839,0.9739031975714839,0.7188932704832298,1.3074570781326527,2.45627584219731,6.475579697513502,0.057351344152139404,0.9380646948332336,0.7362033559898912,1.2431437612869514,1.2431437612869514,1.0666712968441763,2.2912242191330425,2.14561451131957,-18.44669303388493,0.19285245992500502,1.9699371503092702,0.9675625387356973,0.9964214458470305,0.15346188875247962,3.3081910811168454e-05,-0.6423404322179854,-0.9418995474155534,49.30559060000087,17.521894699995755,17.662548800006334,True,True,True,True,True,0.0,78.0,,,,4.96031746031746e-05,0.0
A,difusion,simulada,neuronales,True,0.165265873015873,1.1128533335567976,1.0027797451316713,1.1832537056764276,1.0193404707664402,0.7755993015277214,1.0603574573757206,1.2602907854966658,5.5541602971144854,0.16684535648956092,0.964289780289201,0.723996773878685,1.0958963901328966,0.9296669355543039,0.6804438554521988,1.3351842415901025,1.608839645810189,-7.505653426628094,0.12575913332138905,1.407521136364469,0.42427709414277137,0.9965415234139664,0.08504780508438788,0.00021040095275903138,-0.3034063447317948,-0.759825739921921,67.44211769999674,18.456888299995626,18.04656679999607,True,True,True,True,True,14.0,18.0,,,,0.00017592592592592592,14.0
A,difusion,impuesta,neuronales,True,0.225,1.0163121805718593,0.9899903424095363,1.2313167672429612,1.0076240772676568,0.7420392618988091,1.0528695135249604,1.5251950764705033,5.5265039127762705,0.194789186210224,1.0386139352239503,0.8017498617443892,1.119015065332073,1.0140017435719983,0.7151908217716589,1.4974760195373817,1.5318374485282054,-7.010852407646162,0.24035848806222135,1.553055488391546,0.6152727378335396,0.9966124840175138,0.1086460284935817,0.00033478893740902473,-0.4379227914524011,-0.7395226096250981,67.44211769999674,18.456888299995626,18.04656679999607,True,True,True,True,True,0.0,35.0,,,,0.000248015873015873,0.0
A,cvae,simulada,neuronales,True,0.165265873015873,1.165691648750483,0.8741644966588029,1.3203089680560094,1.155246864473011,0.9844101957173272,1.2435900462612313,2.0914197944769866,4.719098443183458,0.20708522264601517,1.0333332920371692,0.7533277582573799,1.2011803728729835,1.0692499418372066,0.7421083283897301,1.7361203641601706,2.1886928027995443,-13.697955516300299,0.31470987757829455,1.42840461362775,0.5305392830808812,0.9922077146112102,0.08290684713730351,0.0,-0.3974598770522883,-0.9062414462920902,139.43708660000266,1.0757038000010652,1.0449079999962123,True,True,True,True,True,14.0,36.0,,,,,14.0
A,cvae,impuesta,neuronales,True,0.225,1.1597516403963581,0.8897259385503471,1.332062299872381,1.1503550923946213,0.9620560386353817,1.2713552085567816,2.0738228034092496,4.401754932804176,0.2043885459834156,1.0323073269664733,0.7706125844324078,1.108930951708403,1.108930951708403,0.8009705711198031,1.8003346206967277,1.8998579506854474,-12.94054956179977,0.34778890263361073,1.487713806397717,0.623766062966119,0.9916055952766056,0.0933889945308679,0.0,-0.5783166584444817,-0.8715082336027575,139.43708660000266,1.0757038000010652,1.0449079999962123,True,True,True,True,True,0.0,68.0,,,,,0.0
A,cgan,simulada,neuronales,True,0.165265873015873,1.0637983959252337,0.8707450797335611,2.5636770023264144,1.036987671243645,0.8347948692476138,1.1582882127464025,1.390747557098138,6.989291970843234,0.09119866073146253,1.0079631466070393,0.8562372120312571,1.7719851982055546,0.902570867261877,0.5743199317191281,1.4841870629777627,1.8248205869098042,-11.226990861208005,0.1963120945262907,1.3432428136716095,0.4064707068147955,0.9975770945798988,0.08800187688254349,0.0,-0.3542084707316537,-0.7899042678399668,110.90755109999736,1.0140344000028563,0.9910069000034127,True,True,True,True,True,14.0,28.999999999999996,,,,,14.0
A,cgan,impuesta,neuronales,True,0.225,1.047770192138099,0.8881209234546379,2.022953155773495,1.0622144316570334,0.8752955866438034,1.1861433589204369,1.7050852768175375,6.693144099160616,0.10545952213869497,0.9074129055112143,0.8217673434578101,1.3745797218423799,0.8690628571876848,0.540503977860897,1.457672871229564,1.5032086369301523,-11.345902898953058,0.1750915825918304,1.26265818643476,0.32653709060353375,0.9975443803516618,0.08238061578410517,0.0,-0.5077967909717733,-0.7376052895416791,110.90755109999736,1.0140344000028563,0.9910069000034127,True,True,True,True,True,0.0,56.00000000000001,,,,,0.0
B,REAL (train),simulada,—,True,0.25869726128793485,1.0,1.0,1.0,1.0,1.0,1.0,1.0,9.857471891332892,0.0,1.0,1.0,1.0,1.0,1.0,1.0,1.0,-19.477461593091835,0.0,2.209759222306434,1.196996898065247,0.9942304695446492,0.2727627433040688,0.9526101443909664,-0.5677538774277282,-0.5677538774277282,,,,,,,,,,,,,,,
B,jitter,simulada,parametricos,True,0.24768253968253967,0.9304167166229206,0.8194001235049256,0.9823806475786908,0.9080693045013779,0.8292711378015344,1.2636214521389872,2.060240816914409,7.758153750354568,0.06355632102392096,1.0411102345151193,0.8610078126559713,1.0807552895937955,1.0807552895937955,0.978914533364574,1.4312877358912928,1.787332689134116,-20.489453267929637,0.0908721847663404,2.6299853506751005,1.4961802073929247,0.9584044896009961,0.27708599379610077,0.0,-0.5883397013156438,-0.9628105441561506,0.0008434999981545843,0.9907829000003403,0.957769399996323,True,True,True,True,True,1.0,55.00000000000001,,,,,1.0
B,jitter,impuesta,parametricos,True,0.225,0.9196134898085281,0.798824595797313,0.9932066981305656,0.9196134898085281,0.7689875544868776,1.124498515672023,2.027809308297958,7.768779469431335,0.053481056585177274,1.0347871961666484,0.8498359391914396,1.0774314219801593,1.0774314219801593,1.0031779094460656,1.572795839410691,1.569929736466984,-20.501213466952944,0.08034426056562739,2.588983358235762,1.536414128875241,0.961349907526729,0.2908118690274768,0.0,-0.673405100702553,-0.8578700424556447,0.0008434999981545843,0.9907829000003403,0.957769399996323,True,True,True,True,True,0.0,81.0,,,,,0.0
B,bootstrap_regimen,simulada,parametricos,True,0.24768253968253967,0.9592425261216012,0.8960814614766832,0.9951643328188204,0.9341059786714024,0.8337118009946148,1.2536123298865856,1.9349468626184145,8.353303000812529,0.034178101329776354,1.0202041804285924,0.8935746205986076,1.033414319534908,1.0297093999134814,0.8911753269575898,1.4487568021111372,1.764215338564305,-19.393315601486098,0.04504672358851393,2.4359225769979553,1.3970037219183764,0.9436978795354836,0.2637472759773637,0.9029813418023025,-0.5586884942313508,-0.9314970821168378,0.00029999999969732016,0.8964446000027237,0.8569294000044465,True,True,True,True,True,1.0,48.0,,,,,1.0
B,bootstrap_regimen,impuesta,parametricos,True,0.225,0.973896111086526,0.9228190981423833,1.0011749424836536,0.9493579352988846,0.8204139110688183,1.1162902813891125,1.9048676848887525,8.147078180848602,0.02930650817768304,1.0168965052519188,0.896785839402329,1.0304066035306072,1.0268579051267686,0.9095789719759235,1.5101987601630704,1.4913716107840176,-19.081194208913,0.04771610689024053,2.390150902502082,1.4288992734141566,0.9459518057419205,0.27871827640426006,0.9027471218737594,-0.6427008290745762,-0.8539225056244065,0.00029999999969732016,0.8964446000027237,0.8569294000044465,True,True,True,True,True,0.0,70.0,,,,,0.0
B,gaussiano_regimen,simulada,parametricos,True,0.24768253968253967,0.9997649375411739,0.9969151024145623,1.0064987673881378,1.003086851654572,0.4496871357799831,1.5035585539351428,1.9678283946050155,9.754355728639723,0.0016795286646521619,1.0002269744971093,0.9918012348294457,1.034705172439688,0.9920819539170875,0.3340425446416293,1.6552078148574765,1.766072132841069,-19.212941836222488,0.0012824918483752207,2.185515883630593,1.440161772957857,0.11003105743159106,0.1659976436377198,0.0,-0.5699653243937924,-0.9548825977150841,0.0020691000026999973,0.95811230000254,0.9652226999969571,True,True,True,True,True,1.0,52.0,,,,,1.0
B,gaussiano_regimen,impuesta,parametricos,True,0.225,1.0014911627222225,0.9954014237332655,1.0065686118288142,1.0028280818962094,0.41373029142624107,1.3379896022548299,1.8630434267858482,10.08226127118945,0.001262941454641462,0.9974976616539336,0.9902900577692586,1.035783328912989,0.9909320988336101,0.3233557560046809,1.7521081462674606,1.5545996668453452,-18.35012245723262,0.0031951610426388002,2.183546096890885,1.4970737142621258,0.12161742354011715,0.19058416748657617,0.0,-0.6678246499870926,-0.8582611769010161,0.0020691000026999973,0.95811230000254,0.9652226999969571,True,True,True,True,True,0.0,78.0,,,,,0.0
B,var_regimen,simulada,parametricos,True,0.24768253968253967,0.8763956260066973,0.6012361079669415,1.0042531712996468,0.9899365422402733,0.6213004642367714,1.2227448255165014,1.5968083824972739,11.205876134745647,0.05879138265913619,0.9839473790853951,0.6264458405912338,1.000635896489168,1.000635896489168,0.5154658291923193,1.5789068938659803,1.5800920586401341,-18.190728920926162,0.1156978428448931,2.2336425680719247,1.4438277728586046,0.9886684815885538,0.13553489622543613,0.0,-0.523218730734325,-0.91042069874093,0.0022500999984913506,0.9311063999994076,0.9049603000021307,True,True,True,True,True,1.0,37.0,,,,,1.0
B,var_regimen,impuesta,parametricos,True,0.225,0.8699758627837222,0.5341595595864252,0.9965482311244116,0.9826883461990907,0.5730154286850341,1.0194379707369354,1.6008223134366713,10.21329611092019,0.014193181609972903,0.9950399211034151,0.6304795356558297,1.1400835311027262,0.9976896362924434,0.5067881542856559,1.6237457186170012,1.5075399706175547,-15.609978932755064,0.15141655678949692,2.2434924392093283,1.5063955842155123,0.9893136736138113,0.14830440055419566,0.0,-0.5791849384948577,-0.8909298399928773,0.0022500999984913506,0.9311063999994076,0.9049603000021307,True,True,True,True,True,0.0,52.0,,,,,0.0
B,garch_regimen,simulada,parametricos,True,0.24768253968253967,0.9932220148622533,0.7613459285450829,1.272799549385033,0.8872590124518436,0.9340096337049175,1.189115671874558,1.6119773176921706,7.076448302311948,0.11185101979290774,0.8665383130569397,0.7313936507302499,1.3417877034117363,0.8647105285874911,0.7846728542494203,1.3353805461062447,1.5683129138765128,-13.974252797652655,0.0560944507609263,2.1536011901320524,1.0709930075356544,0.9933419474046303,0.3124464866926489,0.0,-0.4932572843049295,-0.9338914729526564,0.450072600004205,1.1818382999990718,1.1500786999968113,True,True,True,True,True,1.0,34.0,0.004130952380952381,2.777777777777778e-05,7.936507936507937e-07,,1.0
B,garch_regimen,impuesta,parametricos,True,0.225,0.9958230551884052,0.7341321771710481,1.2322171569435187,0.872759140673069,0.8919874322093408,1.0983591838962816,1.716468895045703,7.026692039614942,0.16011584281527977,0.8917381381800003,0.7052788827806579,1.3470293867400582,0.8900991889068549,0.7776388220139314,1.4839579708733546,1.4451378841179485,-14.2815725041817,0.05500572715621295,2.2536628948251733,1.213542154253569,0.9941372898316662,0.3351623782701095,0.0,-0.5844358320820399,-0.9590734042750035,0.450072600004205,1.1818382999990718,1.1500786999968113,True,True,True,True,True,0.0,55.00000000000001,0.003924603174603174,1.1904761904761905e-05,6.349206349206349e-06,,0.0
B,rbig,simulada,parametricos,True,0.24768253968253967,0.9549056132050637,0.8506522760128586,1.0115108437164093,0.958069626960951,0.6243186529804584,0.9552532895503639,1.3780899850714898,6.149538473333361,0.11479656104969262,1.0377652082576865,0.9099360674462627,1.471978349979178,1.0377652082576865,0.6400839628595063,1.402108076586523,1.59369717188595,-6.081475460524453,0.11959838264056435,2.393574720461989,1.52397341925497,0.9756290719245531,0.13146392285080805,0.0005729786952494376,-0.39367057116453347,-0.9326077170454108,2.0664369000005536,2.979093699999794,2.3109642999988864,True,True,True,True,True,1.0,23.0,,,,,1.0
B,rbig,impuesta,parametricos,True,0.225,0.9619033651968162,0.8949301611811477,1.02663248091121,0.9554934513257025,0.5970153028224108,1.0346318130884442,1.7104385462670362,5.832685485261581,0.11864272455524438,1.0313143837654652,0.8300515855333566,1.6347051884101051,1.0361359111601807,0.6289811111319263,1.6347186628560815,1.5573032670387321,-11.12639430745458,0.10383975512280216,2.39626015444937,1.5796680390629794,0.9795166793411182,0.13858283761913728,0.0006801640862776234,-0.5617124198623255,-0.8923309260886705,2.0664369000005536,2.979093699999794,2.3109642999988864,True,True,True,True,True,0.0,49.0,,,,,0.0
B,flow_matching,simulada,neuronales,True,0.24768253968253967,1.0239156696343037,0.8629856432221239,1.0871183663005182,1.0239156696343037,0.7695668862430769,1.0162330665292185,1.1971579405696753,8.738066288485891,0.11100462003146502,1.0239799360592607,0.944123583090513,1.7954899546323861,0.944123583090513,0.6951987208804836,1.2849197550441804,1.281926692451211,-14.006937472643013,0.12159290943892052,2.0375562720671936,1.168227452420037,0.9812894755028064,0.18149586417236935,0.004225221648802434,-0.5023782158827738,-0.8551751572640747,13.404954199999338,19.51545040000201,19.486985800002003,True,True,True,True,True,1.0,28.000000000000004,,,,0.0016832611832611833,1.0
B,flow_matching,impuesta,neuronales,True,0.225,0.9668354808473321,0.8369462893599847,1.2030784075295604,0.9860773095862269,0.6787336556253659,0.9519618878085073,1.3230020576051196,8.168307695133963,0.1352361889585157,1.0572941495126398,1.0269376404528523,1.9506158651174041,1.0269376404528523,0.7525442880846118,1.4150965407872431,1.3926227012596126,-13.39362598950286,0.29398555750489047,2.301325565108608,1.4834095194370513,0.9860365749757823,0.22572011326240837,0.0055326187640598115,-0.5864298576958011,-0.8963813463789075,13.404954199999338,19.51545040000201,19.486985800002003,True,True,True,True,True,0.0,56.00000000000001,,,,0.002118686868686869,0.0
B,difusion,simulada,neuronales,True,0.24768253968253967,0.978085260132,0.8180494886864196,1.3422586541351669,1.0658304855493133,0.7552497114864573,0.6500563057305518,0.5870788204159655,6.07699265870749,0.0626825757149111,0.7032149720126686,0.5793202697194018,1.7573286627867553,0.6910515849742136,0.497355569398046,0.6696624391249716,0.7356688544374289,-3.20648361571117,0.27312351063435236,1.4327396651628181,0.5058985493423522,0.9890686733113235,0.1216141462494485,0.0013418023025009924,-0.25299587095738313,-0.6340814004448647,19.895292000001064,19.67700530000002,19.81643990000157,True,True,True,True,True,1.0,2.0,,,,0.0017002164502164501,1.0
B,difusion,impuesta,neuronales,True,0.225,1.009967432215736,0.8589461117074656,1.4432540247286543,1.1118429298845198,0.823619304825177,0.7288588217565051,0.9687181026600786,5.609984984242042,0.08142132707175685,0.7665883267356403,0.6393223693230421,1.8051600054121233,0.7573222046437893,0.5752936928424779,0.8609082491788509,0.9377969679038687,-4.456361815994636,0.2560776942930623,1.5051584005151428,0.6242934034912105,0.9899575823507858,0.13318324733753084,0.0019121344448855366,-0.27508315807703093,-0.914759567647942,19.895292000001064,19.67700530000002,19.81643990000157,True,True,True,True,True,0.0,8.0,,,,0.001911976911976912,0.0
B,cvae,simulada,neuronales,True,0.24768253968253967,0.8690770450608244,0.6284476660273621,1.0123951823111614,1.0123951823111614,0.6849087141752661,1.0195761145649678,1.0890468548431558,6.021324907933333,0.09202960631383715,0.7411866209211802,0.5609011638286926,1.3247455361706302,0.728759130703895,0.4711320328399495,1.0475242398608153,1.2925055265291074,-4.856864617615816,0.19323156469253566,1.5906656195623796,0.6787235628384388,0.9564757456179,0.10972680176546479,0.0,-0.36107778475119273,-0.9181008400824533,21.31276760000037,1.321464599997853,1.545291400005226,True,True,True,True,True,1.0,14.000000000000002,,,,,1.0
B,cvae,impuesta,neuronales,True,0.225,0.9784841439319352,0.6307912947357665,1.0576072032476056,0.9864198403273624,0.6759101801584538,1.0998326369664293,1.2500583573765498,6.4487730831424726,0.12043648307271154,0.7941072190107282,0.5749020118474127,1.2591919198568626,0.7941072190107282,0.522869935626106,1.1591425811394676,1.1607829290987552,-6.7672146268959015,0.20148220678889459,1.778944095575686,0.9091228463634193,0.9653612850824034,0.13923507739644062,0.0,-0.46432725896984806,-0.8371866704175891,21.31276760000037,1.321464599997853,1.545291400005226,True,True,True,True,True,0.0,28.000000000000004,,,,,0.0
B,cgan,simulada,neuronales,True,0.24768253968253967,1.4220085968302913,0.4326433669438661,4.202513833190134,0.643900162536701,0.4610776025403083,0.5474367364010648,0.455451898983554,6.025016203389244,0.3664682101177392,1.1652734650955123,0.31973275732313416,6.296468959368595,0.3217912983688801,0.1795257332500466,0.5658468303565158,0.6020498858336784,-3.8559542854164035,0.37359714499858154,1.104334694414779,0.08752677432578804,0.9953137610019545,0.07748618499602909,0.0,-0.202791129609997,-0.6030588320429529,41.60714140000346,1.2041580000004615,1.2075213000061922,True,True,True,True,True,1.0,1.0,,,,,1.0
B,cgan,impuesta,neuronales,True,0.225,1.1931301649276485,0.4176022991537073,6.185454659577295,0.5978461493843035,0.3771977613996802,0.5988228476687275,0.7141867352915394,6.068445647904384,0.44396486509642763,1.4050951297025025,0.32268034337686224,5.645594995518074,0.32268034337686224,0.15514693306556554,0.6300007062642904,0.7059890668195223,-4.67628823106497,0.4946687177012533,1.1926912389891013,0.1537220274114804,0.99627672830832,0.06776850765668486,0.0,-0.25139152413710114,-0.5503052997900363,41.60714140000346,1.2041580000004615,1.2075213000061922,True,True,True,True,True,0.0,0.0,,,,,0.0
