nombre,fuente,id,pista,rol,status,granularidad,inicio,fin,n_obs,error
SP500,yfinance,^GSPC,A,spine,CACHE,diaria,1927-12-30,2026-08-28,24782,
SP500_TR,yfinance,^SP500TR,A,core,CACHE,diaria,1988-01-04,2026-08-28,9737,
SHILLER_SP500_CAPE,github,datasets/s-and-p-500:data/data.csv,A,spine,CACHE,mensual,1871-01-01,2026-07-01,1867,
FF_FACTORS_3_DAILY,academico,F-F_Research_Data_Factors_daily,A,spine,CACHE,diaria,1926-07-01,2026-06-30,26274,
FF_FACTORS_3_MONTHLY,academico,F-F_Research_Data_Factors,A,fallback,CACHE,mensual,1926-07-01,2026-06-01,1200,
FF_MOM_DAILY,academico,F-F_Momentum_Factor_daily,A,enricher,CACHE,diaria,1926-11-03,2026-06-30,26173,
FF_FACTORS_5_DAILY,academico,F-F_Research_Data_5_Factors_2x3_daily,A,enricher,CACHE,diaria,1963-07-01,2026-06-30,15854,
FF_5_INDUSTRY,academico,5_Industry_Portfolios_daily,A,enricher,CACHE,diaria,1926-07-01,2026-06-30,26274,
REALIZED_VOL_SP500,yfinance,^GSPC,A,spine,CACHE,diaria,1927-12-30,2026-08-28,24782,
VXO,fred,VXOCLS,A,core,CACHE,diaria,1986-01-02,2021-09-23,9002,
VIX,fred,VIXCLS,ambas,core,CACHE,diaria,1990-01-02,2026-08-27,9261,
SKEW,yfinance,^SKEW,ambas,enricher,CACHE,diaria,1990-01-02,2026-08-27,9157,
NASDAQ_COMP,yfinance,^IXIC,A,core,CACHE,diaria,1971-02-05,2026-08-28,14008,
NASDAQ100,fred,NASDAQ100,A,core,CACHE,diaria,1986-01-02,2026-08-27,10244,
NYSE_COMP,yfinance,^NYA,A,enricher,CACHE,diaria,1965-12-31,2026-08-28,15265,
SP100,yfinance,^OEX,A,enricher,CACHE,diaria,1982-08-02,2026-08-28,11108,
RUSSELL2000,yfinance,^RUT,A,core,CACHE,diaria,1987-09-10,2026-08-28,9816,
SP_MIDCAP400,yfinance,^SP400,A,enricher,CACHE,diaria,1981-01-02,2026-08-28,11507,
DGS10,fred,DGS10,ambas,spine,CACHE,diaria,1962-01-02,2026-08-26,16148,
DGS5,fred,DGS5,ambas,core,CACHE,diaria,1962-01-02,2026-08-26,16148,
DGS2,fred,DGS2,ambas,core,CACHE,diaria,1976-06-01,2026-08-26,12556,
DGS30,fred,DGS30,ambas,core,CACHE,diaria,1977-02-15,2026-08-26,12378,
DGS3MO,fred,DGS3MO,ambas,core,CACHE,diaria,1981-09-01,2026-08-26,11246,
T10Y2Y,fred,T10Y2Y,ambas,core,CACHE,diaria,1976-06-01,2026-08-27,12557,
T10Y3M,fred,T10Y3M,ambas,core,CACHE,diaria,1982-01-04,2026-08-27,11166,
T10YFF,fred,T10YFF,ambas,core,CACHE,diaria,1962-01-02,2026-08-26,16146,
DFF,fred,DFF,ambas,spine,CACHE,diaria,1954-07-01,2026-08-26,26355,
DTB3,fred,DTB3,ambas,spine,CACHE,diaria,1954-01-04,2026-08-26,18154,
FEDFUNDS,fred,FEDFUNDS,A,enricher,CACHE,mensual,1954-07-01,2026-07-01,865,
TB3MS,fred,TB3MS,A,spine,CACHE,mensual,1934-01-01,2026-07-01,1111,
GS10,fred,GS10,A,spine,CACHE,mensual,1953-04-01,2026-07-01,880,
GS5,fred,GS5,A,enricher,CACHE,mensual,1953-04-01,2026-07-01,880,
GS1,fred,GS1,A,enricher,CACHE,mensual,1953-04-01,2026-07-01,880,
IRLTLT01USM156N,fred,IRLTLT01USM156N,A,fallback,CACHE,mensual,1953-04-01,2026-06-01,879,
TNX_YF,yfinance,^TNX,ambas,fallback,CACHE,diaria,1962-01-02,2026-08-28,16152,
MOODYS_BAA_AAA_SPREAD,fred,"DBAA,DAAA",ambas,spine,CACHE,diaria,1986-01-02,2026-08-27,10200,
BAA10Y,fred,BAA10Y,ambas,spine,CACHE,diaria,1986-01-02,2026-08-26,10163,
MOODYS_BAA,fred,BAA,A,spine,CACHE,mensual,1919-01-01,2026-07-01,1291,
MOODYS_AAA,fred,AAA,A,spine,CACHE,mensual,1919-01-01,2026-07-01,1291,
BAAFFM,fred,BAAFFM,A,enricher,CACHE,mensual,1954-07-01,2026-07-01,865,
DXY,yfinance,DX-Y.NYB,ambas,spine,CACHE,diaria,1971-01-04,2026-08-28,14132,
DTWEXM,fred,DTWEXM,ambas,spine,CACHE,diaria,1973-01-02,2019-12-31,11834,
RNUSBIS,fred,RNUSBIS,A,spine,CACHE,mensual,1964-01-01,2026-07-01,751,
NNUSBIS,fred,NNUSBIS,A,enricher,CACHE,mensual,1964-01-01,2026-07-01,751,
TWEXMMTH,fred,TWEXMMTH,A,enricher,CACHE,mensual,1973-01-01,2019-12-01,564,
TWEXAFEGSMTH,fred,TWEXAFEGSMTH,A,fallback,CACHE,mensual,2006-01-01,2026-07-01,247,
DEXJPUS,fred,DEXJPUS,ambas,core,CACHE,diaria,1971-01-04,2026-08-21,13946,
DEXSZUS,fred,DEXSZUS,ambas,core,CACHE,diaria,1971-01-04,2026-08-21,13952,
DEXUSAL,fred,DEXUSAL,ambas,core,CACHE,diaria,1971-01-04,2026-08-21,13945,
SPGSCI,yfinance,^SPGSCI,ambas,spine,CACHE,diaria,1984-01-03,2026-08-28,10747,
BCOM,yfinance,^BCOM,ambas,spine,CACHE,diaria,2020-05-28,2020-05-28,1,
PPI_ALL_COMMODITIES,fred,PPIACO,A,spine,CACHE,mensual,1913-01-01,2026-07-01,1363,
WTI_SPOT_MONTHLY,fred,WTISPLC,A,spine,CACHE,mensual,1946-01-01,2026-07-01,967,
PPI_FUELS,fred,WPU0561,A,enricher,CACHE,mensual,1947-01-01,2026-07-01,955,
PPI_METALS,fred,WPU102301,A,enricher,CACHE,mensual,1957-01-01,2026-07-01,835,
INDPRO,fred,INDPRO,ambas,spine,CACHE,mensual,1919-01-01,2026-07-01,1291,
UNRATE,fred,UNRATE,ambas,core,CACHE,mensual,1948-01-01,2026-07-01,942,
PAYEMS,fred,PAYEMS,ambas,core,CACHE,mensual,1939-01-01,2026-07-01,1051,
MANEMP,fred,MANEMP,A,enricher,CACHE,mensual,1939-01-01,2026-07-01,1051,
ICSA,fred,ICSA,ambas,core,CACHE,diaria,1967-01-07,2026-08-22,3112,
CFNAI,fred,CFNAI,ambas,core,CACHE,mensual,1967-03-01,2026-07-01,713,
CFNAIMA3,fred,CFNAIMA3,ambas,core,CACHE,mensual,1967-05-01,2026-07-01,711,
CPIAUCSL,fred,CPIAUCSL,ambas,core,CACHE,mensual,1947-01-01,2026-07-01,954,
CPILFESL,fred,CPILFESL,ambas,core,CACHE,mensual,1957-01-01,2026-07-01,834,
PMI_PROXY_PHILLY,fred,GACDFSA066MSFRBPHI,ambas,core,CACHE,mensual,1968-05-01,2026-08-01,700,
UMCSENT,fred,UMCSENT,ambas,enricher,CACHE,mensual,1952-11-01,2026-07-01,675,
HOUST,fred,HOUST,ambas,enricher,CACHE,mensual,1959-01-01,2026-07-01,811,
GDPC1,fred,GDPC1,A,enricher,CACHE,mensual,1947-01-01,2026-04-01,318,
GDP_GROWTH_QOQ,fred,A191RL1Q225SBEA,A,enricher,CACHE,mensual,1947-04-01,2026-04-01,317,
NBER_NY_COMMERCIAL_PAPER,fred,M13002US35620M156NNBR,A,spine,CACHE,mensual,1857-01-01,1971-12-01,1380,
EURODOLLAR_TBILL_SPREAD,fred,"DED3,DTB3",ambas,spine,CACHE,diaria,1971-01-04,2016-10-07,11370,
EURODOLLAR_3M,fred,DED3,A,enricher,CACHE,diaria,1971-01-04,2016-10-07,11652,
TBILL3M_MINUS_FEDFUNDS,fred,TB3SMFFM,A,enricher,CACHE,mensual,1954-07-01,2026-07-01,865,
LIBOR_3M_QUARTERLY,fred,LIOR3M,A,fallback,CACHE,mensual,1970-01-01,2016-10-01,188,
GW_PREDICTORS_MONTHLY,academico,GoogleSheet 1qwpl2R_DNujpU5YUkk8lacP1tTeMb9iJ (hoja Monthly),A,core,CACHE,mensual,1871-01-01,2025-12-01,1860,
GW_PREDICTORS_QUARTERLY,academico,GoogleSheet 1qwpl2R_DNujpU5YUkk8lacP1tTeMb9iJ (hoja Quarterly),A,enricher,ERROR,,,,0,DateParseError: year 18711 is out of range: 18711
JST_MACROHISTORY_R6,academico,JSTdatasetR6.xlsx,ambas,enricher,ERROR,,,,0,RuntimeError: JST macrohistory xlsx no accesible
SHILLER_LONGRATE,academico,ie_data.xls (col Long Interest Rate),A,fallback,CACHE,mensual,1871-01-01,2024-09-01,1845,
DOW_STOOQ_DEEP,stooq,^dji,A,fallback,ERROR,,,,0,RuntimeError: stooq bloqueado por challenge JS (proof-of-work); no descargable
MOVE,yfinance,^MOVE,B,core,CACHE,diaria,2002-11-12,2026-08-27,5883,
VVIX,yfinance,^VVIX,B,enricher,CACHE,diaria,2007-01-03,2026-08-28,4936,
VIX9D,yfinance,^VIX9D,B,enricher,CACHE,diaria,2026-08-28,2026-08-28,1,
VIX3M,yfinance,^VIX3M,B,enricher,CACHE,diaria,2026-08-28,2026-08-28,1,
VIX6M,yfinance,^VIX6M,B,enricher,CACHE,diaria,2026-08-28,2026-08-28,1,
VXN,fred,VXNCLS,B,enricher,CACHE,diaria,2001-02-02,2026-08-27,6430,
VXD,fred,VXDCLS,B,enricher,CACHE,diaria,1997-10-07,2026-08-27,7269,
RVX,fred,RVXCLS,B,enricher,CACHE,diaria,2004-01-02,2026-08-27,5697,
OVX,fred,OVXCLS,B,enricher,CACHE,diaria,2007-05-10,2026-08-27,4858,
GVZ,fred,GVZCLS,B,enricher,CACHE,diaria,2008-06-03,2026-08-27,4590,
EVZ,fred,EVZCLS,B,enricher,CACHE,diaria,2007-11-01,2025-03-11,4360,
VXEEM,fred,VXEEMCLS,B,enricher,CACHE,diaria,2011-03-16,2026-08-27,3886,
VXEWZ,fred,VXEWZCLS,B,fallback,CACHE,diaria,2011-03-16,2026-08-27,3886,
VXTYN,fred,VXTYN,B,fallback,CACHE,diaria,2003-01-02,2020-05-15,4363,
WILSHIRE5000,yfinance,^W5000,B,enricher,CACHE,diaria,1989-01-03,2026-08-27,9385,
DJIA,yfinance,^DJI,B,fallback,CACHE,diaria,1992-01-02,2026-08-28,8726,
RUSSELL3000,yfinance,^RUA,B,enricher,CACHE,diaria,1987-09-10,2026-08-28,9787,
RUSSELL1000,yfinance,^RUI,B,enricher,CACHE,diaria,1992-12-10,2026-08-28,8486,
SP_SMALLCAP600,yfinance,^SP600,B,enricher,CACHE,diaria,1989-01-03,2026-08-28,9484,
IWM_SMALL,yfinance,IWM,B,fallback,CACHE,diaria,2000-05-26,2026-08-28,6603,
IWD_VALUE,yfinance,IWD,B,enricher,CACHE,diaria,2000-05-26,2026-08-28,6603,
IWF_GROWTH,yfinance,IWF,B,enricher,CACHE,diaria,2000-05-26,2026-08-28,6603,
SPDR_XLK,yfinance,XLK,B,core,CACHE,diaria,1998-12-22,2026-08-28,6963,
SPDR_XLF,yfinance,XLF,B,core,CACHE,diaria,1998-12-22,2026-08-28,6963,
SPDR_XLE,yfinance,XLE,B,core,CACHE,diaria,1998-12-22,2026-08-28,6963,
SPDR_XLV,yfinance,XLV,B,core,CACHE,diaria,1998-12-22,2026-08-28,6963,
SPDR_XLI,yfinance,XLI,B,core,CACHE,diaria,1998-12-22,2026-08-28,6963,
SPDR_XLY,yfinance,XLY,B,core,CACHE,diaria,1998-12-22,2026-08-28,6963,
SPDR_XLP,yfinance,XLP,B,core,CACHE,diaria,1998-12-22,2026-08-28,6963,
SPDR_XLU,yfinance,XLU,B,core,CACHE,diaria,1998-12-22,2026-08-28,6963,
SPDR_XLB,yfinance,XLB,B,core,CACHE,diaria,1998-12-22,2026-08-28,6963,
XLRE_REALESTATE,yfinance,XLRE,B,enricher,CACHE,diaria,2015-10-08,2026-08-28,2738,
XLC_COMMSERVICES,yfinance,XLC,B,enricher,CACHE,diaria,2018-06-19,2026-08-28,2060,
SP500_EW,yfinance,RSP,B,core,CACHE,diaria,2003-05-01,2026-08-28,5870,
SP500_CAPWEIGHT_ETF,yfinance,SPY,B,fallback,CACHE,diaria,1993-01-29,2026-08-28,8453,
SPHB_HIGHBETA,yfinance,SPHB,B,enricher,CACHE,diaria,2011-05-05,2026-08-28,3852,
SPLV_LOWVOL,yfinance,SPLV,B,enricher,CACHE,diaria,2011-05-05,2026-08-28,3852,
MTUM_MOMENTUM,yfinance,MTUM,B,enricher,CACHE,diaria,2013-04-18,2026-08-28,3362,
GH_SP500_CONSTITUENTS_PIT,github,fja05680/sp500:S&P 500 Historical Components & Changes,B,enricher,ERROR,,,,0,RuntimeError: github fja05680/sp500:S&P 500 Historical Components & Changes: no accesible (main/master)
GH_SP500_CONSTITUENTS_NOW,github,datasets/s-and-p-500-companies:data/constituents.csv,B,enricher,ERROR,,,,0,"RuntimeError: github datasets/s-and-p-500-companies:data/constituents.csv: no es serie temporal (cols=['Symbol', 'Security', 'GICS Sector', 'GICS Sub-Industry', 'Headquarters Location', 'Date added'])"
DGS3,fred,DGS3,B,enricher,CACHE,diaria,1962-01-02,2026-08-26,16148,
DGS1,fred,DGS1,B,enricher,CACHE,diaria,1962-01-02,2026-08-26,16148,
DGS7,fred,DGS7,B,enricher,CACHE,diaria,1969-07-01,2026-08-26,14278,
DGS20,fred,DGS20,B,enricher,CACHE,diaria,1962-01-02,2026-08-26,14459,
DGS6MO,fred,DGS6MO,B,enricher,CACHE,diaria,1981-09-01,2026-08-26,11246,
DGS1MO,fred,DGS1MO,B,enricher,CACHE,diaria,2001-07-31,2026-08-26,6270,
T5YFF,fred,T5YFF,B,enricher,CACHE,diaria,1962-01-02,2026-08-26,16146,
DTB6,fred,DTB6,B,enricher,CACHE,diaria,1958-12-09,2026-08-26,16914,
DTB1YR,fred,DTB1YR,B,enricher,CACHE,diaria,1959-07-15,2026-08-26,15078,
EFFR,fred,EFFR,B,core,CACHE,diaria,2000-07-03,2026-08-27,6567,
SOFR,fred,SOFR,B,core,CACHE,diaria,2018-04-03,2026-08-27,2099,
OBFR,fred,OBFR,B,enricher,CACHE,diaria,2016-03-01,2026-08-27,2637,
IORB,fred,IORB,B,fallback,CACHE,diaria,2021-07-29,2026-08-28,1857,
DPCREDIT,fred,DPCREDIT,B,fallback,CACHE,diaria,2003-01-09,2026-08-26,6165,
DFII10,fred,DFII10,B,core,CACHE,diaria,2003-01-02,2026-08-26,5917,
DFII5,fred,DFII5,B,enricher,CACHE,diaria,2003-01-02,2026-08-26,5917,
DFII30,fred,DFII30,B,fallback,CACHE,diaria,2010-02-22,2026-08-26,4132,
T10YIE,fred,T10YIE,B,core,CACHE,diaria,2003-01-02,2026-08-27,5918,
T5YIE,fred,T5YIE,B,enricher,CACHE,diaria,2003-01-02,2026-08-27,5918,
T5YIFR,fred,T5YIFR,B,enricher,CACHE,diaria,2003-01-02,2026-08-27,5918,
IRX_YF,yfinance,^IRX,B,fallback,CACHE,diaria,1960-01-04,2026-08-28,16649,
TYX_YF,yfinance,^TYX,B,fallback,CACHE,diaria,1977-02-15,2026-08-28,12410,
FVX_YF,yfinance,^FVX,B,fallback,CACHE,diaria,1962-01-02,2026-08-28,16152,
GH_US10Y_MONTHLY,github,datasets/bond-yields-us-10y:data/monthly.csv,B,fallback,CACHE,mensual,1953-04-01,2026-06-01,879,
GOLD_GLD,yfinance,GLD,B,core,CACHE,diaria,2004-11-18,2026-08-28,5478,
GOLD_FUT,yfinance,GC=F,B,fallback,CACHE,diaria,2000-08-30,2026-08-28,6523,
HYG_CREDIT,yfinance,HYG,B,core,CACHE,diaria,2007-04-11,2026-08-28,4878,
IEF_TREASURY,yfinance,IEF,B,core,CACHE,diaria,2002-07-30,2026-08-28,6060,
LQD_IGCREDIT,yfinance,LQD,B,enricher,CACHE,diaria,2002-07-30,2026-08-28,6060,
TLT_TREASURY,yfinance,TLT,B,core,CACHE,diaria,2002-07-30,2026-08-28,6060,
OFR_FSI,ofr,fsi.csv:OFR FSI,validacion,validation,CACHE,diaria,2000-01-03,2026-08-26,6745,
OFR_FSI_CREDIT,ofr,fsi.csv:Credit,validacion,validation,CACHE,diaria,2000-01-03,2026-08-26,6745,
OFR_FSI_FUNDING,ofr,fsi.csv:Funding,validacion,validation,CACHE,diaria,2000-01-03,2026-08-26,6745,
OFR_FSI_VOLATILITY,ofr,fsi.csv:Volatility,validacion,validation,CACHE,diaria,2000-01-03,2026-08-26,6745,
OFR_FSI_US,ofr,fsi.csv:United States,validacion,validation,CACHE,diaria,2000-01-03,2026-08-26,6745,
NFCI,fred,NFCI,validacion,validation,CACHE,diaria,1971-01-08,2026-08-21,2903,
ANFCI,fred,ANFCI,validacion,validation,CACHE,diaria,1971-01-08,2026-08-21,2903,
NFCI_RISK,fred,NFCIRISK,validacion,validation,CACHE,diaria,1971-01-08,2026-08-21,2903,
NFCI_CREDIT,fred,NFCICREDIT,validacion,validation,CACHE,diaria,1971-01-08,2026-08-21,2903,
NFCI_LEVERAGE,fred,NFCILEVERAGE,validacion,validation,CACHE,diaria,1971-01-08,2026-08-21,2903,
STLFSI4,fred,STLFSI4,validacion,validation,CACHE,diaria,1993-12-31,2026-08-21,1704,
KCFSI,fred,KCFSI,validacion,validation,CACHE,mensual,1990-02-01,2026-07-01,438,
CFSI,fred,CFSI,validacion,fallback,CACHE,diaria,1991-09-25,2016-05-05,8990,
NBER_RECESSION_DAILY,fred,USRECD,validacion,validation,CACHE,diaria,1854-12-01,2026-08-26,62726,
NBER_RECESSION_MONTHLY,fred,USREC,validacion,validation,CACHE,mensual,1854-12-01,2026-07-01,2060,
RECESSION_PROB_SMOOTHED,fred,RECPROUSM156N,validacion,validation,CACHE,mensual,1967-06-01,2026-06-01,709,
SAHM_RULE_REALTIME,fred,SAHMREALTIME,validacion,validation,CACHE,mensual,1959-12-01,2026-07-01,799,
VIX_VALIDATION_REF,fred,VIXCLS,validacion,validation,CACHE,diaria,1990-01-02,2026-08-27,9261,
PHILLY_ANXIOUS_INDEX,academico,spf-anxious-index,validacion,fallback,ERROR,,,,0,"ValueError: Excel file format cannot be determined, you must specify an engine manually."
SAHM_RULE_CURRENT,fred,SAHMCURRENT,validacion,validation,CACHE,mensual,1949-03-01,2026-07-01,929,
GDP_RECESSION_HAMILTON,fred,JHDUSRGDPBR,validacion,validation,CACHE,mensual,1967-10-01,2026-01-01,234,
SP500_DAILY_DRAWDOWN_SRC,yfinance,^GSPC,validacion,validation,CACHE,diaria,1927-12-30,2026-08-28,24782,
SP500_MONTHLY_DEEP_SRC,github,datasets/s-and-p-500:data/data.csv,validacion,fallback,CACHE,mensual,1871-01-01,2026-07-01,1867,
JST_CRISIS_GROUNDTRUTH,academico,JSTdatasetR6.xlsx -> columna crisisJST,validacion,validation,ERROR,,,,0,RuntimeError: JST macrohistory xlsx no accesible
SP500_STOOQ_FALLBACK,stooq,^spx,validacion,fallback,ERROR,,,,0,RuntimeError: stooq bloqueado por challenge JS (proof-of-work); no descargable
